{
    "version": "1.4.0",
    "project": {
        "name": "project-triangle-puzzle-build",
        "directory": "/home/tamngx/Documents/finland/aalto-learning-material/2nd-year/spring/programming-studio-a/project-triangle-puzzle/project",
        "workspaceDir": "/home/tamngx/Documents/finland/aalto-learning-material/2nd-year/spring/programming-studio-a/project-triangle-puzzle/project",
        "sources": [
            "/home/tamngx/Documents/finland/aalto-learning-material/2nd-year/spring/programming-studio-a/project-triangle-puzzle/project/src/main/scala",
            "/home/tamngx/Documents/finland/aalto-learning-material/2nd-year/spring/programming-studio-a/project-triangle-puzzle/project/src/main/scala-2.12",
            "/home/tamngx/Documents/finland/aalto-learning-material/2nd-year/spring/programming-studio-a/project-triangle-puzzle/project/src/main/scala-2",
            "/home/tamngx/Documents/finland/aalto-learning-material/2nd-year/spring/programming-studio-a/project-triangle-puzzle/project/src/main/java",
            "/home/tamngx/Documents/finland/aalto-learning-material/2nd-year/spring/programming-studio-a/project-triangle-puzzle/project/src/main/scala-sbt-1.0",
            "/home/tamngx/Documents/finland/aalto-learning-material/2nd-year/spring/programming-studio-a/project-triangle-puzzle/project/target/scala-2.12/sbt-1.0/src_managed/main"
        ],
        "dependencies": [
            
        ],
        "classpath": [
            "/home/tamngx/.cache/coursier/v1/https/repo1.maven.org/maven2/org/scala-sbt/sbt/1.8.2/sbt-1.8.2.jar",
            "/home/tamngx/.sbt/boot/scala-2.12.17/lib/scala-library.jar",
            "/home/tamngx/.cache/coursier/v1/https/repo1.maven.org/maven2/ch/epfl/scala/sbt-bloop_2.12_1.0/1.5.6/sbt-bloop-1.5.6.jar",
            "/home/tamngx/.cache/coursier/v1/https/repo1.maven.org/maven2/org/scala-sbt/main_2.12/1.8.2/main_2.12-1.8.2.jar",
            "/home/tamngx/.cache/coursier/v1/https/repo1.maven.org/maven2/org/scala-sbt/io_2.12/1.8.0/io_2.12-1.8.0.jar",
            "/home/tamngx/.cache/coursier/v1/https/repo1.maven.org/maven2/ch/epfl/scala/bloop-config_2.12/1.5.5/bloop-config_2.12-1.5.5.jar",
            "/home/tamngx/.cache/coursier/v1/https/repo1.maven.org/maven2/org/scala-sbt/logic_2.12/1.8.2/logic_2.12-1.8.2.jar",
            "/home/tamngx/.cache/coursier/v1/https/repo1.maven.org/maven2/org/scala-sbt/actions_2.12/1.8.2/actions_2.12-1.8.2.jar",
            "/home/tamngx/.cache/coursier/v1/https/repo1.maven.org/maven2/org/scala-sbt/main-settings_2.12/1.8.2/main-settings_2.12-1.8.2.jar",
            "/home/tamngx/.cache/coursier/v1/https/repo1.maven.org/maven2/org/scala-sbt/run_2.12/1.8.2/run_2.12-1.8.2.jar",
            "/home/tamngx/.cache/coursier/v1/https/repo1.maven.org/maven2/org/scala-sbt/command_2.12/1.8.2/command_2.12-1.8.2.jar",
            "/home/tamngx/.cache/coursier/v1/https/repo1.maven.org/maven2/org/scala-sbt/collections_2.12/1.8.2/collections_2.12-1.8.2.jar",
            "/home/tamngx/.cache/coursier/v1/https/repo1.maven.org/maven2/org/scala-sbt/scripted-plugin_2.12/1.8.2/scripted-plugin_2.12-1.8.2.jar",
            "/home/tamngx/.cache/coursier/v1/https/repo1.maven.org/maven2/org/scala-sbt/zinc-lm-integration_2.12/1.8.2/zinc-lm-integration_2.12-1.8.2.jar",
            "/home/tamngx/.cache/coursier/v1/https/repo1.maven.org/maven2/org/scala-sbt/util-logging_2.12/1.8.2/util-logging_2.12-1.8.2.jar",
            "/home/tamngx/.cache/coursier/v1/https/repo1.maven.org/maven2/org/scala-lang/modules/scala-xml_2.12/2.1.0/scala-xml_2.12-2.1.0.jar",
            "/home/tamngx/.cache/coursier/v1/https/repo1.maven.org/maven2/org/scala-sbt/launcher-interface/1.4.1/launcher-interface-1.4.1.jar",
            "/home/tamngx/.cache/coursier/v1/https/repo1.maven.org/maven2/com/github/ben-manes/caffeine/caffeine/2.8.5/caffeine-2.8.5.jar",
            "/home/tamngx/.cache/coursier/v1/https/repo1.maven.org/maven2/io/get-coursier/lm-coursier-shaded_2.12/2.0.15/lm-coursier-shaded_2.12-2.0.15.jar",
            "/home/tamngx/.cache/coursier/v1/https/repo1.maven.org/maven2/org/apache/logging/log4j/log4j-api/2.17.1/log4j-api-2.17.1.jar",
            "/home/tamngx/.cache/coursier/v1/https/repo1.maven.org/maven2/org/apache/logging/log4j/log4j-core/2.17.1/log4j-core-2.17.1.jar",
            "/home/tamngx/.cache/coursier/v1/https/repo1.maven.org/maven2/org/apache/logging/log4j/log4j-slf4j-impl/2.17.1/log4j-slf4j-impl-2.17.1.jar",
            "/home/tamngx/.cache/coursier/v1/https/repo1.maven.org/maven2/org/scala-sbt/librarymanagement-core_2.12/1.8.0/librarymanagement-core_2.12-1.8.0.jar",
            "/home/tamngx/.cache/coursier/v1/https/repo1.maven.org/maven2/org/scala-sbt/librarymanagement-ivy_2.12/1.8.0/librarymanagement-ivy_2.12-1.8.0.jar",
            "/home/tamngx/.cache/coursier/v1/https/repo1.maven.org/maven2/org/scala-sbt/compiler-interface/1.8.0/compiler-interface-1.8.0.jar",
            "/home/tamngx/.cache/coursier/v1/https/repo1.maven.org/maven2/org/scala-sbt/zinc-compile_2.12/1.8.0/zinc-compile_2.12-1.8.0.jar",
            "/home/tamngx/.cache/coursier/v1/https/repo1.maven.org/maven2/com/swoval/file-tree-views/2.1.9/file-tree-views-2.1.9.jar",
            "/home/tamngx/.cache/coursier/v1/https/repo1.maven.org/maven2/net/java/dev/jna/jna/5.12.0/jna-5.12.0.jar",
            "/home/tamngx/.cache/coursier/v1/https/repo1.maven.org/maven2/net/java/dev/jna/jna-platform/5.12.0/jna-platform-5.12.0.jar",
            "/home/tamngx/.cache/coursier/v1/https/repo1.maven.org/maven2/com/github/plokhotnyuk/jsoniter-scala/jsoniter-scala-core_2.12/2.4.0/jsoniter-scala-core_2.12-2.4.0.jar",
            "/home/tamngx/.cache/coursier/v1/https/repo1.maven.org/maven2/org/scala-sbt/util-relation_2.12/1.8.2/util-relation_2.12-1.8.2.jar",
            "/home/tamngx/.cache/coursier/v1/https/repo1.maven.org/maven2/org/scala-sbt/completion_2.12/1.8.2/completion_2.12-1.8.2.jar",
            "/home/tamngx/.cache/coursier/v1/https/repo1.maven.org/maven2/org/scala-sbt/task-system_2.12/1.8.2/task-system_2.12-1.8.2.jar",
            "/home/tamngx/.cache/coursier/v1/https/repo1.maven.org/maven2/org/scala-sbt/tasks_2.12/1.8.2/tasks_2.12-1.8.2.jar",
            "/home/tamngx/.cache/coursier/v1/https/repo1.maven.org/maven2/org/scala-sbt/testing_2.12/1.8.2/testing_2.12-1.8.2.jar",
            "/home/tamngx/.cache/coursier/v1/https/repo1.maven.org/maven2/org/scala-sbt/util-tracking_2.12/1.8.2/util-tracking_2.12-1.8.2.jar",
            "/home/tamngx/.cache/coursier/v1/https/repo1.maven.org/maven2/com/eed3si9n/sjson-new-scalajson_2.12/0.9.1/sjson-new-scalajson_2.12-0.9.1.jar",
            "/home/tamngx/.cache/coursier/v1/https/repo1.maven.org/maven2/org/jline/jline-terminal/3.19.0/jline-terminal-3.19.0.jar",
            "/home/tamngx/.cache/coursier/v1/https/repo1.maven.org/maven2/org/scala-sbt/zinc-classpath_2.12/1.8.0/zinc-classpath_2.12-1.8.0.jar",
            "/home/tamngx/.cache/coursier/v1/https/repo1.maven.org/maven2/org/scala-sbt/zinc-apiinfo_2.12/1.8.0/zinc-apiinfo_2.12-1.8.0.jar",
            "/home/tamngx/.cache/coursier/v1/https/repo1.maven.org/maven2/org/scala-sbt/zinc_2.12/1.8.0/zinc_2.12-1.8.0.jar",
            "/home/tamngx/.cache/coursier/v1/https/repo1.maven.org/maven2/org/scala-sbt/core-macros_2.12/1.8.2/core-macros_2.12-1.8.2.jar",
            "/home/tamngx/.cache/coursier/v1/https/repo1.maven.org/maven2/org/scala-sbt/util-cache_2.12/1.8.2/util-cache_2.12-1.8.2.jar",
            "/home/tamngx/.cache/coursier/v1/https/repo1.maven.org/maven2/org/scala-sbt/util-control_2.12/1.8.2/util-control_2.12-1.8.2.jar",
            "/home/tamngx/.cache/coursier/v1/https/repo1.maven.org/maven2/org/scala-sbt/protocol_2.12/1.8.2/protocol_2.12-1.8.2.jar",
            "/home/tamngx/.cache/coursier/v1/https/repo1.maven.org/maven2/com/eed3si9n/sjson-new-core_2.12/0.9.1/sjson-new-core_2.12-0.9.1.jar",
            "/home/tamngx/.cache/coursier/v1/https/repo1.maven.org/maven2/org/scala-sbt/template-resolver/0.1/template-resolver-0.1.jar",
            "/home/tamngx/.cache/coursier/v1/https/repo1.maven.org/maven2/org/scala-sbt/util-position_2.12/1.8.2/util-position_2.12-1.8.2.jar",
            "/home/tamngx/.cache/coursier/v1/https/repo1.maven.org/maven2/org/scala-sbt/zinc-compile-core_2.12/1.8.0/zinc-compile-core_2.12-1.8.0.jar",
            "/home/tamngx/.cache/coursier/v1/https/repo1.maven.org/maven2/org/scala-sbt/util-interface/1.8.2/util-interface-1.8.2.jar",
            "/home/tamngx/.cache/coursier/v1/https/repo1.maven.org/maven2/org/scala-sbt/jline/jline/2.14.7-sbt-a1b0ffbb8f64bb820f4f84a0c07a0c0964507493/jline-2.14.7-sbt-a1b0ffbb8f64bb820f4f84a0c07a0c0964507493.jar",
            "/home/tamngx/.cache/coursier/v1/https/repo1.maven.org/maven2/org/jline/jline-terminal-jna/3.19.0/jline-terminal-jna-3.19.0.jar",
            "/home/tamngx/.cache/coursier/v1/https/repo1.maven.org/maven2/org/jline/jline-terminal-jansi/3.19.0/jline-terminal-jansi-3.19.0.jar",
            "/home/tamngx/.cache/coursier/v1/https/repo1.maven.org/maven2/com/lmax/disruptor/3.4.2/disruptor-3.4.2.jar",
            "/home/tamngx/.sbt/boot/scala-2.12.17/lib/scala-reflect.jar",
            "/home/tamngx/.cache/coursier/v1/https/repo1.maven.org/maven2/org/checkerframework/checker-qual/3.4.1/checker-qual-3.4.1.jar",
            "/home/tamngx/.cache/coursier/v1/https/repo1.maven.org/maven2/com/google/errorprone/error_prone_annotations/2.4.0/error_prone_annotations-2.4.0.jar",
            "/home/tamngx/.cache/coursier/v1/https/repo1.maven.org/maven2/org/scala-lang/modules/scala-collection-compat_2.12/2.9.0/scala-collection-compat_2.12-2.9.0.jar",
            "/home/tamngx/.cache/coursier/v1/https/repo1.maven.org/maven2/org/slf4j/slf4j-api/1.7.36/slf4j-api-1.7.36.jar",
            "/home/tamngx/.sbt/boot/scala-2.12.17/lib/scala-compiler.jar",
            "/home/tamngx/.cache/coursier/v1/https/repo1.maven.org/maven2/com/jcraft/jsch/0.1.54/jsch-0.1.54.jar",
            "/home/tamngx/.cache/coursier/v1/https/repo1.maven.org/maven2/com/eed3si9n/gigahorse-apache-http_2.12/0.7.0/gigahorse-apache-http_2.12-0.7.0.jar",
            "/home/tamngx/.cache/coursier/v1/https/repo1.maven.org/maven2/org/scala-sbt/ivy/ivy/2.3.0-sbt-a8f9eb5bf09d0539ea3658a2c2d4e09755b5133e/ivy-2.3.0-sbt-a8f9eb5bf09d0539ea3658a2c2d4e09755b5133e.jar",
            "/home/tamngx/.cache/coursier/v1/https/repo1.maven.org/maven2/org/jline/jline-reader/3.19.0/jline-reader-3.19.0.jar",
            "/home/tamngx/.cache/coursier/v1/https/repo1.maven.org/maven2/org/jline/jline-builtins/3.19.0/jline-builtins-3.19.0.jar",
            "/home/tamngx/.cache/coursier/v1/https/repo1.maven.org/maven2/org/scala-sbt/test-agent/1.8.2/test-agent-1.8.2.jar",
            "/home/tamngx/.cache/coursier/v1/https/repo1.maven.org/maven2/org/scala-sbt/test-interface/1.0/test-interface-1.0.jar",
            "/home/tamngx/.cache/coursier/v1/https/repo1.maven.org/maven2/com/eed3si9n/shaded-jawn-parser_2.12/0.9.1/shaded-jawn-parser_2.12-0.9.1.jar",
            "/home/tamngx/.cache/coursier/v1/https/repo1.maven.org/maven2/com/eed3si9n/shaded-scalajson_2.12/1.0.0-M4/shaded-scalajson_2.12-1.0.0-M4.jar",
            "/home/tamngx/.cache/coursier/v1/https/repo1.maven.org/maven2/org/scala-sbt/compiler-bridge_2.12/1.8.0/compiler-bridge_2.12-1.8.0.jar",
            "/home/tamngx/.cache/coursier/v1/https/repo1.maven.org/maven2/org/scala-sbt/zinc-classfile_2.12/1.8.0/zinc-classfile_2.12-1.8.0.jar",
            "/home/tamngx/.cache/coursier/v1/https/repo1.maven.org/maven2/org/scala-sbt/zinc-core_2.12/1.8.0/zinc-core_2.12-1.8.0.jar",
            "/home/tamngx/.cache/coursier/v1/https/repo1.maven.org/maven2/org/scala-sbt/zinc-persist_2.12/1.8.0/zinc-persist_2.12-1.8.0.jar",
            "/home/tamngx/.cache/coursier/v1/https/repo1.maven.org/maven2/com/eed3si9n/sjson-new-murmurhash_2.12/0.9.1/sjson-new-murmurhash_2.12-0.9.1.jar",
            "/home/tamngx/.cache/coursier/v1/https/repo1.maven.org/maven2/org/scala-sbt/ipcsocket/ipcsocket/1.6.2/ipcsocket-1.6.2.jar",
            "/home/tamngx/.cache/coursier/v1/https/repo1.maven.org/maven2/org/scala-lang/modules/scala-parser-combinators_2.12/1.1.2/scala-parser-combinators_2.12-1.1.2.jar",
            "/home/tamngx/.cache/coursier/v1/https/repo1.maven.org/maven2/net/openhft/zero-allocation-hashing/0.10.1/zero-allocation-hashing-0.10.1.jar",
            "/home/tamngx/.cache/coursier/v1/https/repo1.maven.org/maven2/org/fusesource/jansi/jansi/2.1.0/jansi-2.1.0.jar",
            "/home/tamngx/.cache/coursier/v1/https/repo1.maven.org/maven2/com/eed3si9n/gigahorse-core_2.12/0.7.0/gigahorse-core_2.12-0.7.0.jar",
            "/home/tamngx/.cache/coursier/v1/https/repo1.maven.org/maven2/com/eed3si9n/shaded-apache-httpasyncclient/0.7.0/shaded-apache-httpasyncclient-0.7.0.jar",
            "/home/tamngx/.cache/coursier/v1/https/repo1.maven.org/maven2/org/jline/jline-style/3.19.0/jline-style-3.19.0.jar",
            "/home/tamngx/.cache/coursier/v1/https/repo1.maven.org/maven2/org/scala-sbt/zinc-persist-core-assembly/1.8.0/zinc-persist-core-assembly-1.8.0.jar",
            "/home/tamngx/.cache/coursier/v1/https/repo1.maven.org/maven2/org/scala-sbt/sbinary_2.12/0.5.1/sbinary_2.12-0.5.1.jar",
            "/home/tamngx/.cache/coursier/v1/https/repo1.maven.org/maven2/com/typesafe/ssl-config-core_2.12/0.6.1/ssl-config-core_2.12-0.6.1.jar",
            "/home/tamngx/.cache/coursier/v1/https/repo1.maven.org/maven2/org/reactivestreams/reactive-streams/1.0.3/reactive-streams-1.0.3.jar",
            "/home/tamngx/.cache/coursier/v1/https/repo1.maven.org/maven2/com/typesafe/config/1.4.2/config-1.4.2.jar"
        ],
        "out": "/home/tamngx/Documents/finland/aalto-learning-material/2nd-year/spring/programming-studio-a/project-triangle-puzzle/project/.bloop/project-triangle-puzzle-build",
        "classesDir": "/home/tamngx/Documents/finland/aalto-learning-material/2nd-year/spring/programming-studio-a/project-triangle-puzzle/project/.bloop/project-triangle-puzzle-build/scala-2.12/sbt-1.0/classes",
        "resources": [
            "/home/tamngx/Documents/finland/aalto-learning-material/2nd-year/spring/programming-studio-a/project-triangle-puzzle/project/src/main/resources",
            "/home/tamngx/Documents/finland/aalto-learning-material/2nd-year/spring/programming-studio-a/project-triangle-puzzle/project/target/scala-2.12/sbt-1.0/resource_managed/main"
        ],
        "scala": {
            "organization": "org.scala-lang",
            "name": "scala-compiler",
            "version": "2.12.17",
            "options": [
                "-deprecation",
                "-Wconf:cat=unused-nowarn:s",
                "-Wconf:cat=unused-nowarn:s",
                "-Xsource:3"
            ],
            "jars": [
                "/home/tamngx/.sbt/boot/scala-2.12.17/lib/scala-library.jar",
                "/home/tamngx/.sbt/boot/scala-2.12.17/lib/scala-xml_2.12.jar",
                "/home/tamngx/.sbt/boot/scala-2.12.17/lib/scala-compiler.jar",
                "/home/tamngx/.sbt/boot/scala-2.12.17/lib/jline.jar",
                "/home/tamngx/.sbt/boot/scala-2.12.17/lib/scala-reflect.jar"
            ],
            "setup": {
                "order": "mixed",
                "addLibraryToBootClasspath": true,
                "addCompilerToClasspath": false,
                "addExtraJarsToClasspath": false,
                "manageBootClasspath": true,
                "filterLibraryFromClasspath": true
            }
        },
        "java": {
            "options": [
                
            ]
        },
        "sbt": {
            "sbtVersion": "1.8.2",
            "autoImports": [
                "import _root_.scala.xml.{TopScope=>$scope}",
                "import _root_.sbt._",
                "import _root_.sbt.Keys._",
                "import _root_.sbt.nio.Keys._",
                "import _root_.sbt.ScriptedPlugin.autoImport._, _root_.sbt.plugins.JUnitXmlReportPlugin.autoImport._, _root_.sbt.plugins.MiniDependencyTreePlugin.autoImport._, _root_.bloop.integrations.sbt.BloopPlugin.autoImport._",
                "import _root_.sbt.plugins.IvyPlugin, _root_.sbt.plugins.JvmPlugin, _root_.sbt.plugins.CorePlugin, _root_.sbt.ScriptedPlugin, _root_.sbt.plugins.SbtPlugin, _root_.sbt.plugins.SemanticdbPlugin, _root_.sbt.plugins.JUnitXmlReportPlugin, _root_.sbt.plugins.Giter8TemplatePlugin, _root_.sbt.plugins.MiniDependencyTreePlugin, _root_.bloop.integrations.sbt.BloopPlugin"
            ]
        },
        "test": {
            "frameworks": [
                {
                    "names": [
                        "org.scalacheck.ScalaCheckFramework"
                    ]
                },
                {
                    "names": [
                        "org.specs2.runner.Specs2Framework",
                        "org.specs2.runner.SpecsFramework"
                    ]
                },
                {
                    "names": [
                        "org.specs.runner.SpecsFramework"
                    ]
                },
                {
                    "names": [
                        "org.scalatest.tools.Framework",
                        "org.scalatest.tools.ScalaTestFramework"
                    ]
                },
                {
                    "names": [
                        "com.novocode.junit.JUnitFramework"
                    ]
                },
                {
                    "names": [
                        "munit.Framework"
                    ]
                },
                {
                    "names": [
                        "zio.test.sbt.ZTestFramework"
                    ]
                }
            ],
            "options": {
                "excludes": [
                    
                ],
                "arguments": [
                    
                ]
            }
        },
        "platform": {
            "name": "jvm",
            "config": {
                "home": "/home/tamngx/.jdks/corretto-11.0.18",
                "options": [
                    "-Duser.dir=/home/tamngx/Documents/finland/aalto-learning-material/2nd-year/spring/programming-studio-a/project-triangle-puzzle/project"
                ]
            },
            "mainClass": [
                
            ]
        },
        "resolution": {
            "modules": [
                {
                    "organization": "ch.epfl.scala",
                    "name": "sbt-bloop",
                    "version": "1.5.6",
                    "configurations": "default",
                    "artifacts": [
                        {
                            "name": "sbt-bloop",
                            "path": "/home/tamngx/.cache/coursier/v1/https/repo1.maven.org/maven2/ch/epfl/scala/sbt-bloop_2.12_1.0/1.5.6/sbt-bloop-1.5.6.jar"
                        },
                        {
                            "name": "sbt-bloop",
                            "classifier": "sources",
                            "path": "/home/tamngx/.cache/coursier/v1/https/repo1.maven.org/maven2/ch/epfl/scala/sbt-bloop_2.12_1.0/1.5.6/sbt-bloop-1.5.6-sources.jar"
                        }
                    ]
                },
                {
                    "organization": "ch.epfl.scala",
                    "name": "bloop-config_2.12",
                    "version": "1.5.5",
                    "configurations": "default",
                    "artifacts": [
                        {
                            "name": "bloop-config_2.12",
                            "path": "/home/tamngx/.cache/coursier/v1/https/repo1.maven.org/maven2/ch/epfl/scala/bloop-config_2.12/1.5.5/bloop-config_2.12-1.5.5.jar"
                        },
                        {
                            "name": "bloop-config_2.12",
                            "classifier": "sources",
                            "path": "/home/tamngx/.cache/coursier/v1/https/repo1.maven.org/maven2/ch/epfl/scala/bloop-config_2.12/1.5.5/bloop-config_2.12-1.5.5-sources.jar"
                        }
                    ]
                },
                {
                    "organization": "com.github.plokhotnyuk.jsoniter-scala",
                    "name": "jsoniter-scala-core_2.12",
                    "version": "2.4.0",
                    "configurations": "default",
                    "artifacts": [
                        {
                            "name": "jsoniter-scala-core_2.12",
                            "path": "/home/tamngx/.cache/coursier/v1/https/repo1.maven.org/maven2/com/github/plokhotnyuk/jsoniter-scala/jsoniter-scala-core_2.12/2.4.0/jsoniter-scala-core_2.12-2.4.0.jar"
                        },
                        {
                            "name": "jsoniter-scala-core_2.12",
                            "classifier": "sources",
                            "path": "/home/tamngx/.cache/coursier/v1/https/repo1.maven.org/maven2/com/github/plokhotnyuk/jsoniter-scala/jsoniter-scala-core_2.12/2.4.0/jsoniter-scala-core_2.12-2.4.0-sources.jar"
                        }
                    ]
                },
                {
                    "organization": "org.scala-lang",
                    "name": "scala-library",
                    "version": "2.12.17",
                    "configurations": "default",
                    "artifacts": [
                        {
                            "name": "scala-library",
                            "path": "/home/tamngx/.sbt/boot/scala-2.12.17/lib/scala-library.jar"
                        },
                        {
                            "name": "scala-library",
                            "classifier": "sources",
                            "path": "/home/tamngx/.cache/coursier/v1/https/repo1.maven.org/maven2/org/scala-lang/scala-library/2.12.17/scala-library-2.12.17-sources.jar"
                        }
                    ]
                },
                {
                    "organization": "org.scala-sbt",
                    "name": "sbt",
                    "version": "1.8.2",
                    "configurations": "default",
                    "artifacts": [
                        {
                            "name": "sbt",
                            "path": "/home/tamngx/.cache/coursier/v1/https/repo1.maven.org/maven2/org/scala-sbt/sbt/1.8.2/sbt-1.8.2.jar"
                        },
                        {
                            "name": "sbt",
                            "classifier": "sources",
                            "path": "/home/tamngx/.cache/coursier/v1/https/repo1.maven.org/maven2/org/scala-sbt/sbt/1.8.2/sbt-1.8.2-sources.jar"
                        }
                    ]
                },
                {
                    "organization": "org.scala-sbt",
                    "name": "main_2.12",
                    "version": "1.8.2",
                    "configurations": "default",
                    "artifacts": [
                        {
                            "name": "main_2.12",
                            "path": "/home/tamngx/.cache/coursier/v1/https/repo1.maven.org/maven2/org/scala-sbt/main_2.12/1.8.2/main_2.12-1.8.2.jar"
                        },
                        {
                            "name": "main_2.12",
                            "classifier": "sources",
                            "path": "/home/tamngx/.cache/coursier/v1/https/repo1.maven.org/maven2/org/scala-sbt/main_2.12/1.8.2/main_2.12-1.8.2-sources.jar"
                        }
                    ]
                },
                {
                    "organization": "org.scala-sbt",
                    "name": "io_2.12",
                    "version": "1.8.0",
                    "configurations": "default",
                    "artifacts": [
                        {
                            "name": "io_2.12",
                            "path": "/home/tamngx/.cache/coursier/v1/https/repo1.maven.org/maven2/org/scala-sbt/io_2.12/1.8.0/io_2.12-1.8.0.jar"
                        },
                        {
                            "name": "io_2.12",
                            "classifier": "sources",
                            "path": "/home/tamngx/.cache/coursier/v1/https/repo1.maven.org/maven2/org/scala-sbt/io_2.12/1.8.0/io_2.12-1.8.0-sources.jar"
                        }
                    ]
                },
                {
                    "organization": "org.scala-sbt",
                    "name": "logic_2.12",
                    "version": "1.8.2",
                    "configurations": "default",
                    "artifacts": [
                        {
                            "name": "logic_2.12",
                            "path": "/home/tamngx/.cache/coursier/v1/https/repo1.maven.org/maven2/org/scala-sbt/logic_2.12/1.8.2/logic_2.12-1.8.2.jar"
                        },
                        {
                            "name": "logic_2.12",
                            "classifier": "sources",
                            "path": "/home/tamngx/.cache/coursier/v1/https/repo1.maven.org/maven2/org/scala-sbt/logic_2.12/1.8.2/logic_2.12-1.8.2-sources.jar"
                        }
                    ]
                },
                {
                    "organization": "org.scala-sbt",
                    "name": "actions_2.12",
                    "version": "1.8.2",
                    "configurations": "default",
                    "artifacts": [
                        {
                            "name": "actions_2.12",
                            "path": "/home/tamngx/.cache/coursier/v1/https/repo1.maven.org/maven2/org/scala-sbt/actions_2.12/1.8.2/actions_2.12-1.8.2.jar"
                        },
                        {
                            "name": "actions_2.12",
                            "classifier": "sources",
                            "path": "/home/tamngx/.cache/coursier/v1/https/repo1.maven.org/maven2/org/scala-sbt/actions_2.12/1.8.2/actions_2.12-1.8.2-sources.jar"
                        }
                    ]
                },
                {
                    "organization": "org.scala-sbt",
                    "name": "main-settings_2.12",
                    "version": "1.8.2",
                    "configurations": "default",
                    "artifacts": [
                        {
                            "name": "main-settings_2.12",
                            "path": "/home/tamngx/.cache/coursier/v1/https/repo1.maven.org/maven2/org/scala-sbt/main-settings_2.12/1.8.2/main-settings_2.12-1.8.2.jar"
                        },
                        {
                            "name": "main-settings_2.12",
                            "classifier": "sources",
                            "path": "/home/tamngx/.cache/coursier/v1/https/repo1.maven.org/maven2/org/scala-sbt/main-settings_2.12/1.8.2/main-settings_2.12-1.8.2-sources.jar"
                        }
                    ]
                },
                {
                    "organization": "org.scala-sbt",
                    "name": "run_2.12",
                    "version": "1.8.2",
                    "configurations": "default",
                    "artifacts": [
                        {
                            "name": "run_2.12",
                            "path": "/home/tamngx/.cache/coursier/v1/https/repo1.maven.org/maven2/org/scala-sbt/run_2.12/1.8.2/run_2.12-1.8.2.jar"
                        },
                        {
                            "name": "run_2.12",
                            "classifier": "sources",
                            "path": "/home/tamngx/.cache/coursier/v1/https/repo1.maven.org/maven2/org/scala-sbt/run_2.12/1.8.2/run_2.12-1.8.2-sources.jar"
                        }
                    ]
                },
                {
                    "organization": "org.scala-sbt",
                    "name": "command_2.12",
                    "version": "1.8.2",
                    "configurations": "default",
                    "artifacts": [
                        {
                            "name": "command_2.12",
                            "path": "/home/tamngx/.cache/coursier/v1/https/repo1.maven.org/maven2/org/scala-sbt/command_2.12/1.8.2/command_2.12-1.8.2.jar"
                        },
                        {
                            "name": "command_2.12",
                            "classifier": "sources",
                            "path": "/home/tamngx/.cache/coursier/v1/https/repo1.maven.org/maven2/org/scala-sbt/command_2.12/1.8.2/command_2.12-1.8.2-sources.jar"
                        }
                    ]
                },
                {
                    "organization": "org.scala-sbt",
                    "name": "collections_2.12",
                    "version": "1.8.2",
                    "configurations": "default",
                    "artifacts": [
                        {
                            "name": "collections_2.12",
                            "path": "/home/tamngx/.cache/coursier/v1/https/repo1.maven.org/maven2/org/scala-sbt/collections_2.12/1.8.2/collections_2.12-1.8.2.jar"
                        },
                        {
                            "name": "collections_2.12",
                            "classifier": "sources",
                            "path": "/home/tamngx/.cache/coursier/v1/https/repo1.maven.org/maven2/org/scala-sbt/collections_2.12/1.8.2/collections_2.12-1.8.2-sources.jar"
                        }
                    ]
                },
                {
                    "organization": "org.scala-sbt",
                    "name": "scripted-plugin_2.12",
                    "version": "1.8.2",
                    "configurations": "default",
                    "artifacts": [
                        {
                            "name": "scripted-plugin_2.12",
                            "path": "/home/tamngx/.cache/coursier/v1/https/repo1.maven.org/maven2/org/scala-sbt/scripted-plugin_2.12/1.8.2/scripted-plugin_2.12-1.8.2.jar"
                        },
                        {
                            "name": "scripted-plugin_2.12",
                            "classifier": "sources",
                            "path": "/home/tamngx/.cache/coursier/v1/https/repo1.maven.org/maven2/org/scala-sbt/scripted-plugin_2.12/1.8.2/scripted-plugin_2.12-1.8.2-sources.jar"
                        }
                    ]
                },
                {
                    "organization": "org.scala-sbt",
                    "name": "zinc-lm-integration_2.12",
                    "version": "1.8.2",
                    "configurations": "default",
                    "artifacts": [
                        {
                            "name": "zinc-lm-integration_2.12",
                            "path": "/home/tamngx/.cache/coursier/v1/https/repo1.maven.org/maven2/org/scala-sbt/zinc-lm-integration_2.12/1.8.2/zinc-lm-integration_2.12-1.8.2.jar"
                        },
                        {
                            "name": "zinc-lm-integration_2.12",
                            "classifier": "sources",
                            "path": "/home/tamngx/.cache/coursier/v1/https/repo1.maven.org/maven2/org/scala-sbt/zinc-lm-integration_2.12/1.8.2/zinc-lm-integration_2.12-1.8.2-sources.jar"
                        }
                    ]
                },
                {
                    "organization": "org.scala-sbt",
                    "name": "util-logging_2.12",
                    "version": "1.8.2",
                    "configurations": "default",
                    "artifacts": [
                        {
                            "name": "util-logging_2.12",
                            "path": "/home/tamngx/.cache/coursier/v1/https/repo1.maven.org/maven2/org/scala-sbt/util-logging_2.12/1.8.2/util-logging_2.12-1.8.2.jar"
                        },
                        {
                            "name": "util-logging_2.12",
                            "classifier": "sources",
                            "path": "/home/tamngx/.cache/coursier/v1/https/repo1.maven.org/maven2/org/scala-sbt/util-logging_2.12/1.8.2/util-logging_2.12-1.8.2-sources.jar"
                        }
                    ]
                },
                {
                    "organization": "org.scala-lang.modules",
                    "name": "scala-xml_2.12",
                    "version": "2.1.0",
                    "configurations": "default",
                    "artifacts": [
                        {
                            "name": "scala-xml_2.12",
                            "path": "/home/tamngx/.cache/coursier/v1/https/repo1.maven.org/maven2/org/scala-lang/modules/scala-xml_2.12/2.1.0/scala-xml_2.12-2.1.0.jar"
                        },
                        {
                            "name": "scala-xml_2.12",
                            "classifier": "sources",
                            "path": "/home/tamngx/.cache/coursier/v1/https/repo1.maven.org/maven2/org/scala-lang/modules/scala-xml_2.12/2.1.0/scala-xml_2.12-2.1.0-sources.jar"
                        }
                    ]
                },
                {
                    "organization": "org.scala-sbt",
                    "name": "launcher-interface",
                    "version": "1.4.1",
                    "configurations": "default",
                    "artifacts": [
                        {
                            "name": "launcher-interface",
                            "path": "/home/tamngx/.cache/coursier/v1/https/repo1.maven.org/maven2/org/scala-sbt/launcher-interface/1.4.1/launcher-interface-1.4.1.jar"
                        },
                        {
                            "name": "launcher-interface",
                            "classifier": "sources",
                            "path": "/home/tamngx/.cache/coursier/v1/https/repo1.maven.org/maven2/org/scala-sbt/launcher-interface/1.4.1/launcher-interface-1.4.1-sources.jar"
                        }
                    ]
                },
                {
                    "organization": "com.github.ben-manes.caffeine",
                    "name": "caffeine",
                    "version": "2.8.5",
                    "configurations": "default",
                    "artifacts": [
                        {
                            "name": "caffeine",
                            "path": "/home/tamngx/.cache/coursier/v1/https/repo1.maven.org/maven2/com/github/ben-manes/caffeine/caffeine/2.8.5/caffeine-2.8.5.jar"
                        },
                        {
                            "name": "caffeine",
                            "classifier": "sources",
                            "path": "/home/tamngx/.cache/coursier/v1/https/repo1.maven.org/maven2/com/github/ben-manes/caffeine/caffeine/2.8.5/caffeine-2.8.5-sources.jar"
                        }
                    ]
                },
                {
                    "organization": "io.get-coursier",
                    "name": "lm-coursier-shaded_2.12",
                    "version": "2.0.15",
                    "configurations": "default",
                    "artifacts": [
                        {
                            "name": "lm-coursier-shaded_2.12",
                            "path": "/home/tamngx/.cache/coursier/v1/https/repo1.maven.org/maven2/io/get-coursier/lm-coursier-shaded_2.12/2.0.15/lm-coursier-shaded_2.12-2.0.15.jar"
                        },
                        {
                            "name": "lm-coursier-shaded_2.12",
                            "classifier": "sources",
                            "path": "/home/tamngx/.cache/coursier/v1/https/repo1.maven.org/maven2/io/get-coursier/lm-coursier-shaded_2.12/2.0.15/lm-coursier-shaded_2.12-2.0.15-sources.jar"
                        }
                    ]
                },
                {
                    "organization": "org.apache.logging.log4j",
                    "name": "log4j-api",
                    "version": "2.17.1",
                    "configurations": "default",
                    "artifacts": [
                        {
                            "name": "log4j-api",
                            "path": "/home/tamngx/.cache/coursier/v1/https/repo1.maven.org/maven2/org/apache/logging/log4j/log4j-api/2.17.1/log4j-api-2.17.1.jar"
                        },
                        {
                            "name": "log4j-api",
                            "classifier": "sources",
                            "path": "/home/tamngx/.cache/coursier/v1/https/repo1.maven.org/maven2/org/apache/logging/log4j/log4j-api/2.17.1/log4j-api-2.17.1-sources.jar"
                        }
                    ]
                },
                {
                    "organization": "org.apache.logging.log4j",
                    "name": "log4j-core",
                    "version": "2.17.1",
                    "configurations": "default",
                    "artifacts": [
                        {
                            "name": "log4j-core",
                            "path": "/home/tamngx/.cache/coursier/v1/https/repo1.maven.org/maven2/org/apache/logging/log4j/log4j-core/2.17.1/log4j-core-2.17.1.jar"
                        },
                        {
                            "name": "log4j-core",
                            "classifier": "sources",
                            "path": "/home/tamngx/.cache/coursier/v1/https/repo1.maven.org/maven2/org/apache/logging/log4j/log4j-core/2.17.1/log4j-core-2.17.1-sources.jar"
                        }
                    ]
                },
                {
                    "organization": "org.apache.logging.log4j",
                    "name": "log4j-slf4j-impl",
                    "version": "2.17.1",
                    "configurations": "default",
                    "artifacts": [
                        {
                            "name": "log4j-slf4j-impl",
                            "path": "/home/tamngx/.cache/coursier/v1/https/repo1.maven.org/maven2/org/apache/logging/log4j/log4j-slf4j-impl/2.17.1/log4j-slf4j-impl-2.17.1.jar"
                        },
                        {
                            "name": "log4j-slf4j-impl",
                            "classifier": "sources",
                            "path": "/home/tamngx/.cache/coursier/v1/https/repo1.maven.org/maven2/org/apache/logging/log4j/log4j-slf4j-impl/2.17.1/log4j-slf4j-impl-2.17.1-sources.jar"
                        }
                    ]
                },
                {
                    "organization": "org.scala-sbt",
                    "name": "librarymanagement-core_2.12",
                    "version": "1.8.0",
                    "configurations": "default",
                    "artifacts": [
                        {
                            "name": "librarymanagement-core_2.12",
                            "path": "/home/tamngx/.cache/coursier/v1/https/repo1.maven.org/maven2/org/scala-sbt/librarymanagement-core_2.12/1.8.0/librarymanagement-core_2.12-1.8.0.jar"
                        },
                        {
                            "name": "librarymanagement-core_2.12",
                            "classifier": "sources",
                            "path": "/home/tamngx/.cache/coursier/v1/https/repo1.maven.org/maven2/org/scala-sbt/librarymanagement-core_2.12/1.8.0/librarymanagement-core_2.12-1.8.0-sources.jar"
                        }
                    ]
                },
                {
                    "organization": "org.scala-sbt",
                    "name": "librarymanagement-ivy_2.12",
                    "version": "1.8.0",
                    "configurations": "default",
                    "artifacts": [
                        {
                            "name": "librarymanagement-ivy_2.12",
                            "path": "/home/tamngx/.cache/coursier/v1/https/repo1.maven.org/maven2/org/scala-sbt/librarymanagement-ivy_2.12/1.8.0/librarymanagement-ivy_2.12-1.8.0.jar"
                        },
                        {
                            "name": "librarymanagement-ivy_2.12",
                            "classifier": "sources",
                            "path": "/home/tamngx/.cache/coursier/v1/https/repo1.maven.org/maven2/org/scala-sbt/librarymanagement-ivy_2.12/1.8.0/librarymanagement-ivy_2.12-1.8.0-sources.jar"
                        }
                    ]
                },
                {
                    "organization": "org.scala-sbt",
                    "name": "compiler-interface",
                    "version": "1.8.0",
                    "configurations": "default",
                    "artifacts": [
                        {
                            "name": "compiler-interface",
                            "path": "/home/tamngx/.cache/coursier/v1/https/repo1.maven.org/maven2/org/scala-sbt/compiler-interface/1.8.0/compiler-interface-1.8.0.jar"
                        },
                        {
                            "name": "compiler-interface",
                            "classifier": "sources",
                            "path": "/home/tamngx/.cache/coursier/v1/https/repo1.maven.org/maven2/org/scala-sbt/compiler-interface/1.8.0/compiler-interface-1.8.0-sources.jar"
                        }
                    ]
                },
                {
                    "organization": "org.scala-sbt",
                    "name": "zinc-compile_2.12",
                    "version": "1.8.0",
                    "configurations": "default",
                    "artifacts": [
                        {
                            "name": "zinc-compile_2.12",
                            "path": "/home/tamngx/.cache/coursier/v1/https/repo1.maven.org/maven2/org/scala-sbt/zinc-compile_2.12/1.8.0/zinc-compile_2.12-1.8.0.jar"
                        },
                        {
                            "name": "zinc-compile_2.12",
                            "classifier": "sources",
                            "path": "/home/tamngx/.cache/coursier/v1/https/repo1.maven.org/maven2/org/scala-sbt/zinc-compile_2.12/1.8.0/zinc-compile_2.12-1.8.0-sources.jar"
                        }
                    ]
                },
                {
                    "organization": "com.swoval",
                    "name": "file-tree-views",
                    "version": "2.1.9",
                    "configurations": "default",
                    "artifacts": [
                        {
                            "name": "file-tree-views",
                            "path": "/home/tamngx/.cache/coursier/v1/https/repo1.maven.org/maven2/com/swoval/file-tree-views/2.1.9/file-tree-views-2.1.9.jar"
                        },
                        {
                            "name": "file-tree-views",
                            "classifier": "sources",
                            "path": "/home/tamngx/.cache/coursier/v1/https/repo1.maven.org/maven2/com/swoval/file-tree-views/2.1.9/file-tree-views-2.1.9-sources.jar"
                        }
                    ]
                },
                {
                    "organization": "net.java.dev.jna",
                    "name": "jna",
                    "version": "5.12.0",
                    "configurations": "default",
                    "artifacts": [
                        {
                            "name": "jna",
                            "path": "/home/tamngx/.cache/coursier/v1/https/repo1.maven.org/maven2/net/java/dev/jna/jna/5.12.0/jna-5.12.0.jar"
                        },
                        {
                            "name": "jna",
                            "classifier": "sources",
                            "path": "/home/tamngx/.cache/coursier/v1/https/repo1.maven.org/maven2/net/java/dev/jna/jna/5.12.0/jna-5.12.0-sources.jar"
                        }
                    ]
                },
                {
                    "organization": "net.java.dev.jna",
                    "name": "jna-platform",
                    "version": "5.12.0",
                    "configurations": "default",
                    "artifacts": [
                        {
                            "name": "jna-platform",
                            "path": "/home/tamngx/.cache/coursier/v1/https/repo1.maven.org/maven2/net/java/dev/jna/jna-platform/5.12.0/jna-platform-5.12.0.jar"
                        },
                        {
                            "name": "jna-platform",
                            "classifier": "sources",
                            "path": "/home/tamngx/.cache/coursier/v1/https/repo1.maven.org/maven2/net/java/dev/jna/jna-platform/5.12.0/jna-platform-5.12.0-sources.jar"
                        }
                    ]
                },
                {
                    "organization": "org.scala-sbt",
                    "name": "util-relation_2.12",
                    "version": "1.8.2",
                    "configurations": "default",
                    "artifacts": [
                        {
                            "name": "util-relation_2.12",
                            "path": "/home/tamngx/.cache/coursier/v1/https/repo1.maven.org/maven2/org/scala-sbt/util-relation_2.12/1.8.2/util-relation_2.12-1.8.2.jar"
                        },
                        {
                            "name": "util-relation_2.12",
                            "classifier": "sources",
                            "path": "/home/tamngx/.cache/coursier/v1/https/repo1.maven.org/maven2/org/scala-sbt/util-relation_2.12/1.8.2/util-relation_2.12-1.8.2-sources.jar"
                        }
                    ]
                },
                {
                    "organization": "org.scala-sbt",
                    "name": "completion_2.12",
                    "version": "1.8.2",
                    "configurations": "default",
                    "artifacts": [
                        {
                            "name": "completion_2.12",
                            "path": "/home/tamngx/.cache/coursier/v1/https/repo1.maven.org/maven2/org/scala-sbt/completion_2.12/1.8.2/completion_2.12-1.8.2.jar"
                        },
                        {
                            "name": "completion_2.12",
                            "classifier": "sources",
                            "path": "/home/tamngx/.cache/coursier/v1/https/repo1.maven.org/maven2/org/scala-sbt/completion_2.12/1.8.2/completion_2.12-1.8.2-sources.jar"
                        }
                    ]
                },
                {
                    "organization": "org.scala-sbt",
                    "name": "task-system_2.12",
                    "version": "1.8.2",
                    "configurations": "default",
                    "artifacts": [
                        {
                            "name": "task-system_2.12",
                            "path": "/home/tamngx/.cache/coursier/v1/https/repo1.maven.org/maven2/org/scala-sbt/task-system_2.12/1.8.2/task-system_2.12-1.8.2.jar"
                        },
                        {
                            "name": "task-system_2.12",
                            "classifier": "sources",
                            "path": "/home/tamngx/.cache/coursier/v1/https/repo1.maven.org/maven2/org/scala-sbt/task-system_2.12/1.8.2/task-system_2.12-1.8.2-sources.jar"
                        }
                    ]
                },
                {
                    "organization": "org.scala-sbt",
                    "name": "tasks_2.12",
                    "version": "1.8.2",
                    "configurations": "default",
                    "artifacts": [
                        {
                            "name": "tasks_2.12",
                            "path": "/home/tamngx/.cache/coursier/v1/https/repo1.maven.org/maven2/org/scala-sbt/tasks_2.12/1.8.2/tasks_2.12-1.8.2.jar"
                        },
                        {
                            "name": "tasks_2.12",
                            "classifier": "sources",
                            "path": "/home/tamngx/.cache/coursier/v1/https/repo1.maven.org/maven2/org/scala-sbt/tasks_2.12/1.8.2/tasks_2.12-1.8.2-sources.jar"
                        }
                    ]
                },
                {
                    "organization": "org.scala-sbt",
                    "name": "testing_2.12",
                    "version": "1.8.2",
                    "configurations": "default",
                    "artifacts": [
                        {
                            "name": "testing_2.12",
                            "path": "/home/tamngx/.cache/coursier/v1/https/repo1.maven.org/maven2/org/scala-sbt/testing_2.12/1.8.2/testing_2.12-1.8.2.jar"
                        },
                        {
                            "name": "testing_2.12",
                            "classifier": "sources",
                            "path": "/home/tamngx/.cache/coursier/v1/https/repo1.maven.org/maven2/org/scala-sbt/testing_2.12/1.8.2/testing_2.12-1.8.2-sources.jar"
                        }
                    ]
                },
                {
                    "organization": "org.scala-sbt",
                    "name": "util-tracking_2.12",
                    "version": "1.8.2",
                    "configurations": "default",
                    "artifacts": [
                        {
                            "name": "util-tracking_2.12",
                            "path": "/home/tamngx/.cache/coursier/v1/https/repo1.maven.org/maven2/org/scala-sbt/util-tracking_2.12/1.8.2/util-tracking_2.12-1.8.2.jar"
                        },
                        {
                            "name": "util-tracking_2.12",
                            "classifier": "sources",
                            "path": "/home/tamngx/.cache/coursier/v1/https/repo1.maven.org/maven2/org/scala-sbt/util-tracking_2.12/1.8.2/util-tracking_2.12-1.8.2-sources.jar"
                        }
                    ]
                },
                {
                    "organization": "com.eed3si9n",
                    "name": "sjson-new-scalajson_2.12",
                    "version": "0.9.1",
                    "configurations": "default",
                    "artifacts": [
                        {
                            "name": "sjson-new-scalajson_2.12",
                            "path": "/home/tamngx/.cache/coursier/v1/https/repo1.maven.org/maven2/com/eed3si9n/sjson-new-scalajson_2.12/0.9.1/sjson-new-scalajson_2.12-0.9.1.jar"
                        },
                        {
                            "name": "sjson-new-scalajson_2.12",
                            "classifier": "sources",
                            "path": "/home/tamngx/.cache/coursier/v1/https/repo1.maven.org/maven2/com/eed3si9n/sjson-new-scalajson_2.12/0.9.1/sjson-new-scalajson_2.12-0.9.1-sources.jar"
                        }
                    ]
                },
                {
                    "organization": "org.jline",
                    "name": "jline-terminal",
                    "version": "3.19.0",
                    "configurations": "default",
                    "artifacts": [
                        {
                            "name": "jline-terminal",
                            "path": "/home/tamngx/.cache/coursier/v1/https/repo1.maven.org/maven2/org/jline/jline-terminal/3.19.0/jline-terminal-3.19.0.jar"
                        },
                        {
                            "name": "jline-terminal",
                            "classifier": "sources",
                            "path": "/home/tamngx/.cache/coursier/v1/https/repo1.maven.org/maven2/org/jline/jline-terminal/3.19.0/jline-terminal-3.19.0-sources.jar"
                        }
                    ]
                },
                {
                    "organization": "org.scala-sbt",
                    "name": "zinc-classpath_2.12",
                    "version": "1.8.0",
                    "configurations": "default",
                    "artifacts": [
                        {
                            "name": "zinc-classpath_2.12",
                            "path": "/home/tamngx/.cache/coursier/v1/https/repo1.maven.org/maven2/org/scala-sbt/zinc-classpath_2.12/1.8.0/zinc-classpath_2.12-1.8.0.jar"
                        },
                        {
                            "name": "zinc-classpath_2.12",
                            "classifier": "sources",
                            "path": "/home/tamngx/.cache/coursier/v1/https/repo1.maven.org/maven2/org/scala-sbt/zinc-classpath_2.12/1.8.0/zinc-classpath_2.12-1.8.0-sources.jar"
                        }
                    ]
                },
                {
                    "organization": "org.scala-sbt",
                    "name": "zinc-apiinfo_2.12",
                    "version": "1.8.0",
                    "configurations": "default",
                    "artifacts": [
                        {
                            "name": "zinc-apiinfo_2.12",
                            "path": "/home/tamngx/.cache/coursier/v1/https/repo1.maven.org/maven2/org/scala-sbt/zinc-apiinfo_2.12/1.8.0/zinc-apiinfo_2.12-1.8.0.jar"
                        },
                        {
                            "name": "zinc-apiinfo_2.12",
                            "classifier": "sources",
                            "path": "/home/tamngx/.cache/coursier/v1/https/repo1.maven.org/maven2/org/scala-sbt/zinc-apiinfo_2.12/1.8.0/zinc-apiinfo_2.12-1.8.0-sources.jar"
                        }
                    ]
                },
                {
                    "organization": "org.scala-sbt",
                    "name": "zinc_2.12",
                    "version": "1.8.0",
                    "configurations": "default",
                    "artifacts": [
                        {
                            "name": "zinc_2.12",
                            "path": "/home/tamngx/.cache/coursier/v1/https/repo1.maven.org/maven2/org/scala-sbt/zinc_2.12/1.8.0/zinc_2.12-1.8.0.jar"
                        },
                        {
                            "name": "zinc_2.12",
                            "classifier": "sources",
                            "path": "/home/tamngx/.cache/coursier/v1/https/repo1.maven.org/maven2/org/scala-sbt/zinc_2.12/1.8.0/zinc_2.12-1.8.0-sources.jar"
                        }
                    ]
                },
                {
                    "organization": "org.scala-sbt",
                    "name": "core-macros_2.12",
                    "version": "1.8.2",
                    "configurations": "default",
                    "artifacts": [
                        {
                            "name": "core-macros_2.12",
                            "path": "/home/tamngx/.cache/coursier/v1/https/repo1.maven.org/maven2/org/scala-sbt/core-macros_2.12/1.8.2/core-macros_2.12-1.8.2.jar"
                        },
                        {
                            "name": "core-macros_2.12",
                            "classifier": "sources",
                            "path": "/home/tamngx/.cache/coursier/v1/https/repo1.maven.org/maven2/org/scala-sbt/core-macros_2.12/1.8.2/core-macros_2.12-1.8.2-sources.jar"
                        }
                    ]
                },
                {
                    "organization": "org.scala-sbt",
                    "name": "util-cache_2.12",
                    "version": "1.8.2",
                    "configurations": "default",
                    "artifacts": [
                        {
                            "name": "util-cache_2.12",
                            "path": "/home/tamngx/.cache/coursier/v1/https/repo1.maven.org/maven2/org/scala-sbt/util-cache_2.12/1.8.2/util-cache_2.12-1.8.2.jar"
                        },
                        {
                            "name": "util-cache_2.12",
                            "classifier": "sources",
                            "path": "/home/tamngx/.cache/coursier/v1/https/repo1.maven.org/maven2/org/scala-sbt/util-cache_2.12/1.8.2/util-cache_2.12-1.8.2-sources.jar"
                        }
                    ]
                },
                {
                    "organization": "org.scala-sbt",
                    "name": "util-control_2.12",
                    "version": "1.8.2",
                    "configurations": "default",
                    "artifacts": [
                        {
                            "name": "util-control_2.12",
                            "path": "/home/tamngx/.cache/coursier/v1/https/repo1.maven.org/maven2/org/scala-sbt/util-control_2.12/1.8.2/util-control_2.12-1.8.2.jar"
                        },
                        {
                            "name": "util-control_2.12",
                            "classifier": "sources",
                            "path": "/home/tamngx/.cache/coursier/v1/https/repo1.maven.org/maven2/org/scala-sbt/util-control_2.12/1.8.2/util-control_2.12-1.8.2-sources.jar"
                        }
                    ]
                },
                {
                    "organization": "org.scala-sbt",
                    "name": "protocol_2.12",
                    "version": "1.8.2",
                    "configurations": "default",
                    "artifacts": [
                        {
                            "name": "protocol_2.12",
                            "path": "/home/tamngx/.cache/coursier/v1/https/repo1.maven.org/maven2/org/scala-sbt/protocol_2.12/1.8.2/protocol_2.12-1.8.2.jar"
                        },
                        {
                            "name": "protocol_2.12",
                            "classifier": "sources",
                            "path": "/home/tamngx/.cache/coursier/v1/https/repo1.maven.org/maven2/org/scala-sbt/protocol_2.12/1.8.2/protocol_2.12-1.8.2-sources.jar"
                        }
                    ]
                },
                {
                    "organization": "com.eed3si9n",
                    "name": "sjson-new-core_2.12",
                    "version": "0.9.1",
                    "configurations": "default",
                    "artifacts": [
                        {
                            "name": "sjson-new-core_2.12",
                            "path": "/home/tamngx/.cache/coursier/v1/https/repo1.maven.org/maven2/com/eed3si9n/sjson-new-core_2.12/0.9.1/sjson-new-core_2.12-0.9.1.jar"
                        },
                        {
                            "name": "sjson-new-core_2.12",
                            "classifier": "sources",
                            "path": "/home/tamngx/.cache/coursier/v1/https/repo1.maven.org/maven2/com/eed3si9n/sjson-new-core_2.12/0.9.1/sjson-new-core_2.12-0.9.1-sources.jar"
                        }
                    ]
                },
                {
                    "organization": "org.scala-sbt",
                    "name": "template-resolver",
                    "version": "0.1",
                    "configurations": "default",
                    "artifacts": [
                        {
                            "name": "template-resolver",
                            "path": "/home/tamngx/.cache/coursier/v1/https/repo1.maven.org/maven2/org/scala-sbt/template-resolver/0.1/template-resolver-0.1.jar"
                        },
                        {
                            "name": "template-resolver",
                            "classifier": "sources",
                            "path": "/home/tamngx/.cache/coursier/v1/https/repo1.maven.org/maven2/org/scala-sbt/template-resolver/0.1/template-resolver-0.1-sources.jar"
                        }
                    ]
                },
                {
                    "organization": "org.scala-sbt",
                    "name": "util-position_2.12",
                    "version": "1.8.2",
                    "configurations": "default",
                    "artifacts": [
                        {
                            "name": "util-position_2.12",
                            "path": "/home/tamngx/.cache/coursier/v1/https/repo1.maven.org/maven2/org/scala-sbt/util-position_2.12/1.8.2/util-position_2.12-1.8.2.jar"
                        },
                        {
                            "name": "util-position_2.12",
                            "classifier": "sources",
                            "path": "/home/tamngx/.cache/coursier/v1/https/repo1.maven.org/maven2/org/scala-sbt/util-position_2.12/1.8.2/util-position_2.12-1.8.2-sources.jar"
                        }
                    ]
                },
                {
                    "organization": "org.scala-sbt",
                    "name": "zinc-compile-core_2.12",
                    "version": "1.8.0",
                    "configurations": "default",
                    "artifacts": [
                        {
                            "name": "zinc-compile-core_2.12",
                            "path": "/home/tamngx/.cache/coursier/v1/https/repo1.maven.org/maven2/org/scala-sbt/zinc-compile-core_2.12/1.8.0/zinc-compile-core_2.12-1.8.0.jar"
                        },
                        {
                            "name": "zinc-compile-core_2.12",
                            "classifier": "sources",
                            "path": "/home/tamngx/.cache/coursier/v1/https/repo1.maven.org/maven2/org/scala-sbt/zinc-compile-core_2.12/1.8.0/zinc-compile-core_2.12-1.8.0-sources.jar"
                        }
                    ]
                },
                {
                    "organization": "org.scala-sbt",
                    "name": "util-interface",
                    "version": "1.8.2",
                    "configurations": "default",
                    "artifacts": [
                        {
                            "name": "util-interface",
                            "path": "/home/tamngx/.cache/coursier/v1/https/repo1.maven.org/maven2/org/scala-sbt/util-interface/1.8.2/util-interface-1.8.2.jar"
                        },
                        {
                            "name": "util-interface",
                            "classifier": "sources",
                            "path": "/home/tamngx/.cache/coursier/v1/https/repo1.maven.org/maven2/org/scala-sbt/util-interface/1.8.2/util-interface-1.8.2-sources.jar"
                        }
                    ]
                },
                {
                    "organization": "org.scala-sbt.jline",
                    "name": "jline",
                    "version": "2.14.7-sbt-a1b0ffbb8f64bb820f4f84a0c07a0c0964507493",
                    "configurations": "default",
                    "artifacts": [
                        {
                            "name": "jline",
                            "path": "/home/tamngx/.cache/coursier/v1/https/repo1.maven.org/maven2/org/scala-sbt/jline/jline/2.14.7-sbt-a1b0ffbb8f64bb820f4f84a0c07a0c0964507493/jline-2.14.7-sbt-a1b0ffbb8f64bb820f4f84a0c07a0c0964507493.jar"
                        },
                        {
                            "name": "jline",
                            "classifier": "sources",
                            "path": "/home/tamngx/.cache/coursier/v1/https/repo1.maven.org/maven2/org/scala-sbt/jline/jline/2.14.7-sbt-a1b0ffbb8f64bb820f4f84a0c07a0c0964507493/jline-2.14.7-sbt-a1b0ffbb8f64bb820f4f84a0c07a0c0964507493-sources.jar"
                        }
                    ]
                },
                {
                    "organization": "org.jline",
                    "name": "jline-terminal-jna",
                    "version": "3.19.0",
                    "configurations": "default",
                    "artifacts": [
                        {
                            "name": "jline-terminal-jna",
                            "path": "/home/tamngx/.cache/coursier/v1/https/repo1.maven.org/maven2/org/jline/jline-terminal-jna/3.19.0/jline-terminal-jna-3.19.0.jar"
                        },
                        {
                            "name": "jline-terminal-jna",
                            "classifier": "sources",
                            "path": "/home/tamngx/.cache/coursier/v1/https/repo1.maven.org/maven2/org/jline/jline-terminal-jna/3.19.0/jline-terminal-jna-3.19.0-sources.jar"
                        }
                    ]
                },
                {
                    "organization": "org.jline",
                    "name": "jline-terminal-jansi",
                    "version": "3.19.0",
                    "configurations": "default",
                    "artifacts": [
                        {
                            "name": "jline-terminal-jansi",
                            "path": "/home/tamngx/.cache/coursier/v1/https/repo1.maven.org/maven2/org/jline/jline-terminal-jansi/3.19.0/jline-terminal-jansi-3.19.0.jar"
                        },
                        {
                            "name": "jline-terminal-jansi",
                            "classifier": "sources",
                            "path": "/home/tamngx/.cache/coursier/v1/https/repo1.maven.org/maven2/org/jline/jline-terminal-jansi/3.19.0/jline-terminal-jansi-3.19.0-sources.jar"
                        }
                    ]
                },
                {
                    "organization": "com.lmax",
                    "name": "disruptor",
                    "version": "3.4.2",
                    "configurations": "default",
                    "artifacts": [
                        {
                            "name": "disruptor",
                            "path": "/home/tamngx/.cache/coursier/v1/https/repo1.maven.org/maven2/com/lmax/disruptor/3.4.2/disruptor-3.4.2.jar"
                        },
                        {
                            "name": "disruptor",
                            "classifier": "sources",
                            "path": "/home/tamngx/.cache/coursier/v1/https/repo1.maven.org/maven2/com/lmax/disruptor/3.4.2/disruptor-3.4.2-sources.jar"
                        }
                    ]
                },
                {
                    "organization": "org.scala-lang",
                    "name": "scala-reflect",
                    "version": "2.12.17",
                    "configurations": "default",
                    "artifacts": [
                        {
                            "name": "scala-reflect",
                            "path": "/home/tamngx/.sbt/boot/scala-2.12.17/lib/scala-reflect.jar"
                        },
                        {
                            "name": "scala-reflect",
                            "classifier": "sources",
                            "path": "/home/tamngx/.cache/coursier/v1/https/repo1.maven.org/maven2/org/scala-lang/scala-reflect/2.12.17/scala-reflect-2.12.17-sources.jar"
                        }
                    ]
                },
                {
                    "organization": "org.checkerframework",
                    "name": "checker-qual",
                    "version": "3.4.1",
                    "configurations": "default",
                    "artifacts": [
                        {
                            "name": "checker-qual",
                            "path": "/home/tamngx/.cache/coursier/v1/https/repo1.maven.org/maven2/org/checkerframework/checker-qual/3.4.1/checker-qual-3.4.1.jar"
                        },
                        {
                            "name": "checker-qual",
                            "classifier": "sources",
                            "path": "/home/tamngx/.cache/coursier/v1/https/repo1.maven.org/maven2/org/checkerframework/checker-qual/3.4.1/checker-qual-3.4.1-sources.jar"
                        }
                    ]
                },
                {
                    "organization": "com.google.errorprone",
                    "name": "error_prone_annotations",
                    "version": "2.4.0",
                    "configurations": "default",
                    "artifacts": [
                        {
                            "name": "error_prone_annotations",
                            "path": "/home/tamngx/.cache/coursier/v1/https/repo1.maven.org/maven2/com/google/errorprone/error_prone_annotations/2.4.0/error_prone_annotations-2.4.0.jar"
                        },
                        {
                            "name": "error_prone_annotations",
                            "classifier": "sources",
                            "path": "/home/tamngx/.cache/coursier/v1/https/repo1.maven.org/maven2/com/google/errorprone/error_prone_annotations/2.4.0/error_prone_annotations-2.4.0-sources.jar"
                        }
                    ]
                },
                {
                    "organization": "org.scala-lang.modules",
                    "name": "scala-collection-compat_2.12",
                    "version": "2.9.0",
                    "configurations": "default",
                    "artifacts": [
                        {
                            "name": "scala-collection-compat_2.12",
                            "path": "/home/tamngx/.cache/coursier/v1/https/repo1.maven.org/maven2/org/scala-lang/modules/scala-collection-compat_2.12/2.9.0/scala-collection-compat_2.12-2.9.0.jar"
                        },
                        {
                            "name": "scala-collection-compat_2.12",
                            "classifier": "sources",
                            "path": "/home/tamngx/.cache/coursier/v1/https/repo1.maven.org/maven2/org/scala-lang/modules/scala-collection-compat_2.12/2.9.0/scala-collection-compat_2.12-2.9.0-sources.jar"
                        }
                    ]
                },
                {
                    "organization": "org.slf4j",
                    "name": "slf4j-api",
                    "version": "1.7.36",
                    "configurations": "default",
                    "artifacts": [
                        {
                            "name": "slf4j-api",
                            "path": "/home/tamngx/.cache/coursier/v1/https/repo1.maven.org/maven2/org/slf4j/slf4j-api/1.7.36/slf4j-api-1.7.36.jar"
                        },
                        {
                            "name": "slf4j-api",
                            "classifier": "sources",
                            "path": "/home/tamngx/.cache/coursier/v1/https/repo1.maven.org/maven2/org/slf4j/slf4j-api/1.7.36/slf4j-api-1.7.36-sources.jar"
                        }
                    ]
                },
                {
                    "organization": "org.scala-lang",
                    "name": "scala-compiler",
                    "version": "2.12.17",
                    "configurations": "default",
                    "artifacts": [
                        {
                            "name": "scala-compiler",
                            "path": "/home/tamngx/.sbt/boot/scala-2.12.17/lib/scala-compiler.jar"
                        },
                        {
                            "name": "scala-compiler",
                            "classifier": "sources",
                            "path": "/home/tamngx/.cache/coursier/v1/https/repo1.maven.org/maven2/org/scala-lang/scala-compiler/2.12.17/scala-compiler-2.12.17-sources.jar"
                        }
                    ]
                },
                {
                    "organization": "com.jcraft",
                    "name": "jsch",
                    "version": "0.1.54",
                    "configurations": "default",
                    "artifacts": [
                        {
                            "name": "jsch",
                            "path": "/home/tamngx/.cache/coursier/v1/https/repo1.maven.org/maven2/com/jcraft/jsch/0.1.54/jsch-0.1.54.jar"
                        },
                        {
                            "name": "jsch",
                            "classifier": "sources",
                            "path": "/home/tamngx/.cache/coursier/v1/https/repo1.maven.org/maven2/com/jcraft/jsch/0.1.54/jsch-0.1.54-sources.jar"
                        }
                    ]
                },
                {
                    "organization": "com.eed3si9n",
                    "name": "gigahorse-apache-http_2.12",
                    "version": "0.7.0",
                    "configurations": "default",
                    "artifacts": [
                        {
                            "name": "gigahorse-apache-http_2.12",
                            "path": "/home/tamngx/.cache/coursier/v1/https/repo1.maven.org/maven2/com/eed3si9n/gigahorse-apache-http_2.12/0.7.0/gigahorse-apache-http_2.12-0.7.0.jar"
                        },
                        {
                            "name": "gigahorse-apache-http_2.12",
                            "classifier": "sources",
                            "path": "/home/tamngx/.cache/coursier/v1/https/repo1.maven.org/maven2/com/eed3si9n/gigahorse-apache-http_2.12/0.7.0/gigahorse-apache-http_2.12-0.7.0-sources.jar"
                        }
                    ]
                },
                {
                    "organization": "org.scala-sbt.ivy",
                    "name": "ivy",
                    "version": "2.3.0-sbt-a8f9eb5bf09d0539ea3658a2c2d4e09755b5133e",
                    "configurations": "default",
                    "artifacts": [
                        {
                            "name": "ivy",
                            "path": "/home/tamngx/.cache/coursier/v1/https/repo1.maven.org/maven2/org/scala-sbt/ivy/ivy/2.3.0-sbt-a8f9eb5bf09d0539ea3658a2c2d4e09755b5133e/ivy-2.3.0-sbt-a8f9eb5bf09d0539ea3658a2c2d4e09755b5133e.jar"
                        },
                        {
                            "name": "ivy",
                            "classifier": "sources",
                            "path": "/home/tamngx/.cache/coursier/v1/https/repo1.maven.org/maven2/org/scala-sbt/ivy/ivy/2.3.0-sbt-a8f9eb5bf09d0539ea3658a2c2d4e09755b5133e/ivy-2.3.0-sbt-a8f9eb5bf09d0539ea3658a2c2d4e09755b5133e-sources.jar"
                        }
                    ]
                },
                {
                    "organization": "org.jline",
                    "name": "jline-reader",
                    "version": "3.19.0",
                    "configurations": "default",
                    "artifacts": [
                        {
                            "name": "jline-reader",
                            "path": "/home/tamngx/.cache/coursier/v1/https/repo1.maven.org/maven2/org/jline/jline-reader/3.19.0/jline-reader-3.19.0.jar"
                        },
                        {
                            "name": "jline-reader",
                            "classifier": "sources",
                            "path": "/home/tamngx/.cache/coursier/v1/https/repo1.maven.org/maven2/org/jline/jline-reader/3.19.0/jline-reader-3.19.0-sources.jar"
                        }
                    ]
                },
                {
                    "organization": "org.jline",
                    "name": "jline-builtins",
                    "version": "3.19.0",
                    "configurations": "default",
                    "artifacts": [
                        {
                            "name": "jline-builtins",
                            "path": "/home/tamngx/.cache/coursier/v1/https/repo1.maven.org/maven2/org/jline/jline-builtins/3.19.0/jline-builtins-3.19.0.jar"
                        },
                        {
                            "name": "jline-builtins",
                            "classifier": "sources",
                            "path": "/home/tamngx/.cache/coursier/v1/https/repo1.maven.org/maven2/org/jline/jline-builtins/3.19.0/jline-builtins-3.19.0-sources.jar"
                        }
                    ]
                },
                {
                    "organization": "org.scala-sbt",
                    "name": "test-agent",
                    "version": "1.8.2",
                    "configurations": "default",
                    "artifacts": [
                        {
                            "name": "test-agent",
                            "path": "/home/tamngx/.cache/coursier/v1/https/repo1.maven.org/maven2/org/scala-sbt/test-agent/1.8.2/test-agent-1.8.2.jar"
                        },
                        {
                            "name": "test-agent",
                            "classifier": "sources",
                            "path": "/home/tamngx/.cache/coursier/v1/https/repo1.maven.org/maven2/org/scala-sbt/test-agent/1.8.2/test-agent-1.8.2-sources.jar"
                        }
                    ]
                },
                {
                    "organization": "org.scala-sbt",
                    "name": "test-interface",
                    "version": "1.0",
                    "configurations": "default",
                    "artifacts": [
                        {
                            "name": "test-interface",
                            "path": "/home/tamngx/.cache/coursier/v1/https/repo1.maven.org/maven2/org/scala-sbt/test-interface/1.0/test-interface-1.0.jar"
                        },
                        {
                            "name": "test-interface",
                            "classifier": "sources",
                            "path": "/home/tamngx/.cache/coursier/v1/https/repo1.maven.org/maven2/org/scala-sbt/test-interface/1.0/test-interface-1.0-sources.jar"
                        }
                    ]
                },
                {
                    "organization": "com.eed3si9n",
                    "name": "shaded-jawn-parser_2.12",
                    "version": "0.9.1",
                    "configurations": "default",
                    "artifacts": [
                        {
                            "name": "shaded-jawn-parser_2.12",
                            "path": "/home/tamngx/.cache/coursier/v1/https/repo1.maven.org/maven2/com/eed3si9n/shaded-jawn-parser_2.12/0.9.1/shaded-jawn-parser_2.12-0.9.1.jar"
                        },
                        {
                            "name": "shaded-jawn-parser_2.12",
                            "classifier": "sources",
                            "path": "/home/tamngx/.cache/coursier/v1/https/repo1.maven.org/maven2/com/eed3si9n/shaded-jawn-parser_2.12/0.9.1/shaded-jawn-parser_2.12-0.9.1-sources.jar"
                        }
                    ]
                },
                {
                    "organization": "com.eed3si9n",
                    "name": "shaded-scalajson_2.12",
                    "version": "1.0.0-M4",
                    "configurations": "default",
                    "artifacts": [
                        {
                            "name": "shaded-scalajson_2.12",
                            "path": "/home/tamngx/.cache/coursier/v1/https/repo1.maven.org/maven2/com/eed3si9n/shaded-scalajson_2.12/1.0.0-M4/shaded-scalajson_2.12-1.0.0-M4.jar"
                        },
                        {
                            "name": "shaded-scalajson_2.12",
                            "classifier": "sources",
                            "path": "/home/tamngx/.cache/coursier/v1/https/repo1.maven.org/maven2/com/eed3si9n/shaded-scalajson_2.12/1.0.0-M4/shaded-scalajson_2.12-1.0.0-M4-sources.jar"
                        }
                    ]
                },
                {
                    "organization": "org.scala-sbt",
                    "name": "compiler-bridge_2.12",
                    "version": "1.8.0",
                    "configurations": "default",
                    "artifacts": [
                        {
                            "name": "compiler-bridge_2.12",
                            "path": "/home/tamngx/.cache/coursier/v1/https/repo1.maven.org/maven2/org/scala-sbt/compiler-bridge_2.12/1.8.0/compiler-bridge_2.12-1.8.0.jar"
                        },
                        {
                            "name": "compiler-bridge_2.12",
                            "classifier": "sources",
                            "path": "/home/tamngx/.cache/coursier/v1/https/repo1.maven.org/maven2/org/scala-sbt/compiler-bridge_2.12/1.8.0/compiler-bridge_2.12-1.8.0-sources.jar"
                        }
                    ]
                },
                {
                    "organization": "org.scala-sbt",
                    "name": "zinc-classfile_2.12",
                    "version": "1.8.0",
                    "configurations": "default",
                    "artifacts": [
                        {
                            "name": "zinc-classfile_2.12",
                            "path": "/home/tamngx/.cache/coursier/v1/https/repo1.maven.org/maven2/org/scala-sbt/zinc-classfile_2.12/1.8.0/zinc-classfile_2.12-1.8.0.jar"
                        },
                        {
                            "name": "zinc-classfile_2.12",
                            "classifier": "sources",
                            "path": "/home/tamngx/.cache/coursier/v1/https/repo1.maven.org/maven2/org/scala-sbt/zinc-classfile_2.12/1.8.0/zinc-classfile_2.12-1.8.0-sources.jar"
                        }
                    ]
                },
                {
                    "organization": "org.scala-sbt",
                    "name": "zinc-core_2.12",
                    "version": "1.8.0",
                    "configurations": "default",
                    "artifacts": [
                        {
                            "name": "zinc-core_2.12",
                            "path": "/home/tamngx/.cache/coursier/v1/https/repo1.maven.org/maven2/org/scala-sbt/zinc-core_2.12/1.8.0/zinc-core_2.12-1.8.0.jar"
                        },
                        {
                            "name": "zinc-core_2.12",
                            "classifier": "sources",
                            "path": "/home/tamngx/.cache/coursier/v1/https/repo1.maven.org/maven2/org/scala-sbt/zinc-core_2.12/1.8.0/zinc-core_2.12-1.8.0-sources.jar"
                        }
                    ]
                },
                {
                    "organization": "org.scala-sbt",
                    "name": "zinc-persist_2.12",
                    "version": "1.8.0",
                    "configurations": "default",
                    "artifacts": [
                        {
                            "name": "zinc-persist_2.12",
                            "path": "/home/tamngx/.cache/coursier/v1/https/repo1.maven.org/maven2/org/scala-sbt/zinc-persist_2.12/1.8.0/zinc-persist_2.12-1.8.0.jar"
                        },
                        {
                            "name": "zinc-persist_2.12",
                            "classifier": "sources",
                            "path": "/home/tamngx/.cache/coursier/v1/https/repo1.maven.org/maven2/org/scala-sbt/zinc-persist_2.12/1.8.0/zinc-persist_2.12-1.8.0-sources.jar"
                        }
                    ]
                },
                {
                    "organization": "com.eed3si9n",
                    "name": "sjson-new-murmurhash_2.12",
                    "version": "0.9.1",
                    "configurations": "default",
                    "artifacts": [
                        {
                            "name": "sjson-new-murmurhash_2.12",
                            "path": "/home/tamngx/.cache/coursier/v1/https/repo1.maven.org/maven2/com/eed3si9n/sjson-new-murmurhash_2.12/0.9.1/sjson-new-murmurhash_2.12-0.9.1.jar"
                        },
                        {
                            "name": "sjson-new-murmurhash_2.12",
                            "classifier": "sources",
                            "path": "/home/tamngx/.cache/coursier/v1/https/repo1.maven.org/maven2/com/eed3si9n/sjson-new-murmurhash_2.12/0.9.1/sjson-new-murmurhash_2.12-0.9.1-sources.jar"
                        }
                    ]
                },
                {
                    "organization": "org.scala-sbt.ipcsocket",
                    "name": "ipcsocket",
                    "version": "1.6.2",
                    "configurations": "default",
                    "artifacts": [
                        {
                            "name": "ipcsocket",
                            "path": "/home/tamngx/.cache/coursier/v1/https/repo1.maven.org/maven2/org/scala-sbt/ipcsocket/ipcsocket/1.6.2/ipcsocket-1.6.2.jar"
                        },
                        {
                            "name": "ipcsocket",
                            "classifier": "sources",
                            "path": "/home/tamngx/.cache/coursier/v1/https/repo1.maven.org/maven2/org/scala-sbt/ipcsocket/ipcsocket/1.6.2/ipcsocket-1.6.2-sources.jar"
                        }
                    ]
                },
                {
                    "organization": "org.scala-lang.modules",
                    "name": "scala-parser-combinators_2.12",
                    "version": "1.1.2",
                    "configurations": "default",
                    "artifacts": [
                        {
                            "name": "scala-parser-combinators_2.12",
                            "path": "/home/tamngx/.cache/coursier/v1/https/repo1.maven.org/maven2/org/scala-lang/modules/scala-parser-combinators_2.12/1.1.2/scala-parser-combinators_2.12-1.1.2.jar"
                        },
                        {
                            "name": "scala-parser-combinators_2.12",
                            "classifier": "sources",
                            "path": "/home/tamngx/.cache/coursier/v1/https/repo1.maven.org/maven2/org/scala-lang/modules/scala-parser-combinators_2.12/1.1.2/scala-parser-combinators_2.12-1.1.2-sources.jar"
                        }
                    ]
                },
                {
                    "organization": "net.openhft",
                    "name": "zero-allocation-hashing",
                    "version": "0.10.1",
                    "configurations": "default",
                    "artifacts": [
                        {
                            "name": "zero-allocation-hashing",
                            "path": "/home/tamngx/.cache/coursier/v1/https/repo1.maven.org/maven2/net/openhft/zero-allocation-hashing/0.10.1/zero-allocation-hashing-0.10.1.jar"
                        },
                        {
                            "name": "zero-allocation-hashing",
                            "classifier": "sources",
                            "path": "/home/tamngx/.cache/coursier/v1/https/repo1.maven.org/maven2/net/openhft/zero-allocation-hashing/0.10.1/zero-allocation-hashing-0.10.1-sources.jar"
                        }
                    ]
                },
                {
                    "organization": "org.fusesource.jansi",
                    "name": "jansi",
                    "version": "2.1.0",
                    "configurations": "default",
                    "artifacts": [
                        {
                            "name": "jansi",
                            "path": "/home/tamngx/.cache/coursier/v1/https/repo1.maven.org/maven2/org/fusesource/jansi/jansi/2.1.0/jansi-2.1.0.jar"
                        },
                        {
                            "name": "jansi",
                            "classifier": "sources",
                            "path": "/home/tamngx/.cache/coursier/v1/https/repo1.maven.org/maven2/org/fusesource/jansi/jansi/2.1.0/jansi-2.1.0-sources.jar"
                        }
                    ]
                },
                {
                    "organization": "com.eed3si9n",
                    "name": "gigahorse-core_2.12",
                    "version": "0.7.0",
                    "configurations": "default",
                    "artifacts": [
                        {
                            "name": "gigahorse-core_2.12",
                            "path": "/home/tamngx/.cache/coursier/v1/https/repo1.maven.org/maven2/com/eed3si9n/gigahorse-core_2.12/0.7.0/gigahorse-core_2.12-0.7.0.jar"
                        },
                        {
                            "name": "gigahorse-core_2.12",
                            "classifier": "sources",
                            "path": "/home/tamngx/.cache/coursier/v1/https/repo1.maven.org/maven2/com/eed3si9n/gigahorse-core_2.12/0.7.0/gigahorse-core_2.12-0.7.0-sources.jar"
                        }
                    ]
                },
                {
                    "organization": "com.eed3si9n",
                    "name": "shaded-apache-httpasyncclient",
                    "version": "0.7.0",
                    "configurations": "default",
                    "artifacts": [
                        {
                            "name": "shaded-apache-httpasyncclient",
                            "path": "/home/tamngx/.cache/coursier/v1/https/repo1.maven.org/maven2/com/eed3si9n/shaded-apache-httpasyncclient/0.7.0/shaded-apache-httpasyncclient-0.7.0.jar"
                        },
                        {
                            "name": "shaded-apache-httpasyncclient",
                            "classifier": "sources",
                            "path": "/home/tamngx/.cache/coursier/v1/https/repo1.maven.org/maven2/com/eed3si9n/shaded-apache-httpasyncclient/0.7.0/shaded-apache-httpasyncclient-0.7.0-sources.jar"
                        }
                    ]
                },
                {
                    "organization": "org.jline",
                    "name": "jline-style",
                    "version": "3.19.0",
                    "configurations": "default",
                    "artifacts": [
                        {
                            "name": "jline-style",
                            "path": "/home/tamngx/.cache/coursier/v1/https/repo1.maven.org/maven2/org/jline/jline-style/3.19.0/jline-style-3.19.0.jar"
                        },
                        {
                            "name": "jline-style",
                            "classifier": "sources",
                            "path": "/home/tamngx/.cache/coursier/v1/https/repo1.maven.org/maven2/org/jline/jline-style/3.19.0/jline-style-3.19.0-sources.jar"
                        }
                    ]
                },
                {
                    "organization": "org.scala-sbt",
                    "name": "zinc-persist-core-assembly",
                    "version": "1.8.0",
                    "configurations": "default",
                    "artifacts": [
                        {
                            "name": "zinc-persist-core-assembly",
                            "path": "/home/tamngx/.cache/coursier/v1/https/repo1.maven.org/maven2/org/scala-sbt/zinc-persist-core-assembly/1.8.0/zinc-persist-core-assembly-1.8.0.jar"
                        },
                        {
                            "name": "zinc-persist-core-assembly",
                            "classifier": "sources",
                            "path": "/home/tamngx/.cache/coursier/v1/https/repo1.maven.org/maven2/org/scala-sbt/zinc-persist-core-assembly/1.8.0/zinc-persist-core-assembly-1.8.0-sources.jar"
                        }
                    ]
                },
                {
                    "organization": "org.scala-sbt",
                    "name": "sbinary_2.12",
                    "version": "0.5.1",
                    "configurations": "default",
                    "artifacts": [
                        {
                            "name": "sbinary_2.12",
                            "path": "/home/tamngx/.cache/coursier/v1/https/repo1.maven.org/maven2/org/scala-sbt/sbinary_2.12/0.5.1/sbinary_2.12-0.5.1.jar"
                        },
                        {
                            "name": "sbinary_2.12",
                            "classifier": "sources",
                            "path": "/home/tamngx/.cache/coursier/v1/https/repo1.maven.org/maven2/org/scala-sbt/sbinary_2.12/0.5.1/sbinary_2.12-0.5.1-sources.jar"
                        }
                    ]
                },
                {
                    "organization": "com.typesafe",
                    "name": "ssl-config-core_2.12",
                    "version": "0.6.1",
                    "configurations": "default",
                    "artifacts": [
                        {
                            "name": "ssl-config-core_2.12",
                            "path": "/home/tamngx/.cache/coursier/v1/https/repo1.maven.org/maven2/com/typesafe/ssl-config-core_2.12/0.6.1/ssl-config-core_2.12-0.6.1.jar"
                        },
                        {
                            "name": "ssl-config-core_2.12",
                            "classifier": "sources",
                            "path": "/home/tamngx/.cache/coursier/v1/https/repo1.maven.org/maven2/com/typesafe/ssl-config-core_2.12/0.6.1/ssl-config-core_2.12-0.6.1-sources.jar"
                        }
                    ]
                },
                {
                    "organization": "org.reactivestreams",
                    "name": "reactive-streams",
                    "version": "1.0.3",
                    "configurations": "default",
                    "artifacts": [
                        {
                            "name": "reactive-streams",
                            "path": "/home/tamngx/.cache/coursier/v1/https/repo1.maven.org/maven2/org/reactivestreams/reactive-streams/1.0.3/reactive-streams-1.0.3.jar"
                        },
                        {
                            "name": "reactive-streams",
                            "classifier": "sources",
                            "path": "/home/tamngx/.cache/coursier/v1/https/repo1.maven.org/maven2/org/reactivestreams/reactive-streams/1.0.3/reactive-streams-1.0.3-sources.jar"
                        }
                    ]
                },
                {
                    "organization": "com.typesafe",
                    "name": "config",
                    "version": "1.4.2",
                    "configurations": "default",
                    "artifacts": [
                        {
                            "name": "config",
                            "path": "/home/tamngx/.cache/coursier/v1/https/repo1.maven.org/maven2/com/typesafe/config/1.4.2/config-1.4.2.jar"
                        },
                        {
                            "name": "config",
                            "classifier": "sources",
                            "path": "/home/tamngx/.cache/coursier/v1/https/repo1.maven.org/maven2/com/typesafe/config/1.4.2/config-1.4.2-sources.jar"
                        }
                    ]
                },
                {
                    "organization": "org.scala-lang",
                    "name": "scala-compiler",
                    "version": "2.12.17",
                    "configurations": "optional",
                    "artifacts": [
                        {
                            "name": "scala-compiler",
                            "path": "/home/tamngx/.sbt/boot/scala-2.12.17/lib/scala-compiler.jar"
                        },
                        {
                            "name": "scala-compiler",
                            "classifier": "sources",
                            "path": "/home/tamngx/.cache/coursier/v1/https/repo1.maven.org/maven2/org/scala-lang/scala-compiler/2.12.17/scala-compiler-2.12.17-sources.jar"
                        }
                    ]
                },
                {
                    "organization": "org.scala-lang",
                    "name": "scala-library",
                    "version": "2.12.17",
                    "configurations": "optional",
                    "artifacts": [
                        {
                            "name": "scala-library",
                            "path": "/home/tamngx/.sbt/boot/scala-2.12.17/lib/scala-library.jar"
                        },
                        {
                            "name": "scala-library",
                            "classifier": "sources",
                            "path": "/home/tamngx/.cache/coursier/v1/https/repo1.maven.org/maven2/org/scala-lang/scala-library/2.12.17/scala-library-2.12.17-sources.jar"
                        }
                    ]
                }
            ]
        },
        "tags": [
            "library"
        ]
    }
}