{
    "version": "1.4.0",
    "project": {
        "name": "root",
        "directory": "/home/tamngx/Documents/finland/aalto-learning-material/2nd-year/spring/programming-studio-a/project-triangle-puzzle",
        "workspaceDir": "/home/tamngx/Documents/finland/aalto-learning-material/2nd-year/spring/programming-studio-a/project-triangle-puzzle",
        "sources": [
            "/home/tamngx/Documents/finland/aalto-learning-material/2nd-year/spring/programming-studio-a/project-triangle-puzzle/src/main/scala",
            "/home/tamngx/Documents/finland/aalto-learning-material/2nd-year/spring/programming-studio-a/project-triangle-puzzle/src/main/scala-3",
            "/home/tamngx/Documents/finland/aalto-learning-material/2nd-year/spring/programming-studio-a/project-triangle-puzzle/src/main/java",
            "/home/tamngx/Documents/finland/aalto-learning-material/2nd-year/spring/programming-studio-a/project-triangle-puzzle/target/scala-3.2.2/src_managed/main"
        ],
        "dependencies": [
            
        ],
        "classpath": [
            "/home/tamngx/.cache/coursier/v1/https/repo1.maven.org/maven2/org/scala-lang/scala3-library_3/3.2.2/scala3-library_3-3.2.2.jar",
            "/home/tamngx/.cache/coursier/v1/https/repo1.maven.org/maven2/org/json4s/json4s-jackson_3/4.0.3/json4s-jackson_3-4.0.3.jar",
            "/home/tamngx/.cache/coursier/v1/https/repo1.maven.org/maven2/io/circe/circe-core_3/0.14.3/circe-core_3-0.14.3.jar",
            "/home/tamngx/.cache/coursier/v1/https/repo1.maven.org/maven2/io/circe/circe-generic_3/0.14.3/circe-generic_3-0.14.3.jar",
            "/home/tamngx/.cache/coursier/v1/https/repo1.maven.org/maven2/io/circe/circe-parser_3/0.14.3/circe-parser_3-0.14.3.jar",
            "/home/tamngx/.cache/coursier/v1/https/repo1.maven.org/maven2/org/scala-lang/modules/scala-swing_3/3.0.0/scala-swing_3-3.0.0.jar",
            "/home/tamngx/.cache/coursier/v1/https/repo1.maven.org/maven2/org/scalafx/scalafx_3/19.0.0-R30/scalafx_3-19.0.0-R30.jar",
            "/home/tamngx/.cache/coursier/v1/https/repo1.maven.org/maven2/org/openjfx/javafx-base/19/javafx-base-19-linux.jar",
            "/home/tamngx/.cache/coursier/v1/https/repo1.maven.org/maven2/org/openjfx/javafx-controls/19/javafx-controls-19-linux.jar",
            "/home/tamngx/.cache/coursier/v1/https/repo1.maven.org/maven2/org/openjfx/javafx-fxml/19/javafx-fxml-19-linux.jar",
            "/home/tamngx/.cache/coursier/v1/https/repo1.maven.org/maven2/org/openjfx/javafx-graphics/19/javafx-graphics-19-linux.jar",
            "/home/tamngx/.cache/coursier/v1/https/repo1.maven.org/maven2/org/openjfx/javafx-media/19/javafx-media-19-linux.jar",
            "/home/tamngx/.cache/coursier/v1/https/repo1.maven.org/maven2/org/openjfx/javafx-swing/19/javafx-swing-19-linux.jar",
            "/home/tamngx/.cache/coursier/v1/https/repo1.maven.org/maven2/org/openjfx/javafx-web/19/javafx-web-19-linux.jar",
            "/home/tamngx/.cache/coursier/v1/https/repo1.maven.org/maven2/org/scala-lang/scala-library/2.13.10/scala-library-2.13.10.jar",
            "/home/tamngx/.cache/coursier/v1/https/repo1.maven.org/maven2/org/json4s/json4s-core_3/4.0.3/json4s-core_3-4.0.3.jar",
            "/home/tamngx/.cache/coursier/v1/https/repo1.maven.org/maven2/org/json4s/json4s-jackson-core_3/4.0.3/json4s-jackson-core_3-4.0.3.jar",
            "/home/tamngx/.cache/coursier/v1/https/repo1.maven.org/maven2/io/circe/circe-numbers_3/0.14.3/circe-numbers_3-0.14.3.jar",
            "/home/tamngx/.cache/coursier/v1/https/repo1.maven.org/maven2/org/typelevel/cats-core_3/2.8.0/cats-core_3-2.8.0.jar",
            "/home/tamngx/.cache/coursier/v1/https/repo1.maven.org/maven2/io/circe/circe-jawn_3/0.14.3/circe-jawn_3-0.14.3.jar",
            "/home/tamngx/.cache/coursier/v1/https/repo1.maven.org/maven2/org/openjfx/javafx-base/19/javafx-base-19.jar",
            "/home/tamngx/.cache/coursier/v1/https/repo1.maven.org/maven2/org/openjfx/javafx-controls/19/javafx-controls-19.jar",
            "/home/tamngx/.cache/coursier/v1/https/repo1.maven.org/maven2/org/openjfx/javafx-fxml/19/javafx-fxml-19.jar",
            "/home/tamngx/.cache/coursier/v1/https/repo1.maven.org/maven2/org/openjfx/javafx-graphics/19/javafx-graphics-19.jar",
            "/home/tamngx/.cache/coursier/v1/https/repo1.maven.org/maven2/org/openjfx/javafx-media/19/javafx-media-19.jar",
            "/home/tamngx/.cache/coursier/v1/https/repo1.maven.org/maven2/org/openjfx/javafx-swing/19/javafx-swing-19.jar",
            "/home/tamngx/.cache/coursier/v1/https/repo1.maven.org/maven2/org/openjfx/javafx-web/19/javafx-web-19.jar",
            "/home/tamngx/.cache/coursier/v1/https/repo1.maven.org/maven2/org/json4s/json4s-ast_3/4.0.3/json4s-ast_3-4.0.3.jar",
            "/home/tamngx/.cache/coursier/v1/https/repo1.maven.org/maven2/org/json4s/json4s-scalap_3/4.0.3/json4s-scalap_3-4.0.3.jar",
            "/home/tamngx/.cache/coursier/v1/https/repo1.maven.org/maven2/com/thoughtworks/paranamer/paranamer/2.8/paranamer-2.8.jar",
            "/home/tamngx/.cache/coursier/v1/https/repo1.maven.org/maven2/com/fasterxml/jackson/core/jackson-databind/2.12.4/jackson-databind-2.12.4.jar",
            "/home/tamngx/.cache/coursier/v1/https/repo1.maven.org/maven2/org/typelevel/cats-kernel_3/2.8.0/cats-kernel_3-2.8.0.jar",
            "/home/tamngx/.cache/coursier/v1/https/repo1.maven.org/maven2/org/typelevel/jawn-parser_3/1.4.0/jawn-parser_3-1.4.0.jar",
            "/home/tamngx/.cache/coursier/v1/https/repo1.maven.org/maven2/com/fasterxml/jackson/core/jackson-annotations/2.12.4/jackson-annotations-2.12.4.jar",
            "/home/tamngx/.cache/coursier/v1/https/repo1.maven.org/maven2/com/fasterxml/jackson/core/jackson-core/2.12.4/jackson-core-2.12.4.jar"
        ],
        "out": "/home/tamngx/Documents/finland/aalto-learning-material/2nd-year/spring/programming-studio-a/project-triangle-puzzle/.bloop/root",
        "classesDir": "/home/tamngx/Documents/finland/aalto-learning-material/2nd-year/spring/programming-studio-a/project-triangle-puzzle/.bloop/root/scala-3/classes",
        "resources": [
            "/home/tamngx/Documents/finland/aalto-learning-material/2nd-year/spring/programming-studio-a/project-triangle-puzzle/src/main/resources",
            "/home/tamngx/Documents/finland/aalto-learning-material/2nd-year/spring/programming-studio-a/project-triangle-puzzle/target/scala-3.2.2/resource_managed/main"
        ],
        "scala": {
            "organization": "org.scala-lang",
            "name": "scala-compiler",
            "version": "3.2.2",
            "options": [
                
            ],
            "jars": [
                "/home/tamngx/.cache/coursier/v1/https/repo1.maven.org/maven2/org/scala-lang/scala3-library_3/3.2.2/scala3-library_3-3.2.2.jar",
                "/home/tamngx/.cache/coursier/v1/https/repo1.maven.org/maven2/org/scala-lang/scala-library/2.13.10/scala-library-2.13.10.jar",
                "/home/tamngx/.cache/coursier/v1/https/repo1.maven.org/maven2/org/scala-lang/scala3-compiler_3/3.2.2/scala3-compiler_3-3.2.2.jar",
                "/home/tamngx/.cache/coursier/v1/https/repo1.maven.org/maven2/org/scala-lang/scala3-interfaces/3.2.2/scala3-interfaces-3.2.2.jar",
                "/home/tamngx/.cache/coursier/v1/https/repo1.maven.org/maven2/org/scala-lang/tasty-core_3/3.2.2/tasty-core_3-3.2.2.jar",
                "/home/tamngx/.cache/coursier/v1/https/repo1.maven.org/maven2/org/scala-lang/modules/scala-asm/9.3.0-scala-1/scala-asm-9.3.0-scala-1.jar",
                "/home/tamngx/.cache/coursier/v1/https/repo1.maven.org/maven2/org/scala-sbt/compiler-interface/1.3.5/compiler-interface-1.3.5.jar",
                "/home/tamngx/.cache/coursier/v1/https/repo1.maven.org/maven2/org/jline/jline-reader/3.19.0/jline-reader-3.19.0.jar",
                "/home/tamngx/.cache/coursier/v1/https/repo1.maven.org/maven2/org/jline/jline-terminal/3.19.0/jline-terminal-3.19.0.jar",
                "/home/tamngx/.cache/coursier/v1/https/repo1.maven.org/maven2/org/jline/jline-terminal-jna/3.19.0/jline-terminal-jna-3.19.0.jar",
                "/home/tamngx/.cache/coursier/v1/https/repo1.maven.org/maven2/com/google/protobuf/protobuf-java/3.7.0/protobuf-java-3.7.0.jar",
                "/home/tamngx/.cache/coursier/v1/https/repo1.maven.org/maven2/org/scala-sbt/util-interface/1.3.0/util-interface-1.3.0.jar",
                "/home/tamngx/.cache/coursier/v1/https/repo1.maven.org/maven2/net/java/dev/jna/jna/5.3.1/jna-5.3.1.jar",
                "/home/tamngx/.cache/coursier/v1/https/repo1.maven.org/maven2/org/scala-lang/scaladoc_3/3.2.2/scaladoc_3-3.2.2.jar",
                "/home/tamngx/.cache/coursier/v1/https/repo1.maven.org/maven2/org/scala-lang/scala3-tasty-inspector_3/3.2.2/scala3-tasty-inspector_3-3.2.2.jar",
                "/home/tamngx/.cache/coursier/v1/https/repo1.maven.org/maven2/com/vladsch/flexmark/flexmark/0.42.12/flexmark-0.42.12.jar",
                "/home/tamngx/.cache/coursier/v1/https/repo1.maven.org/maven2/com/vladsch/flexmark/flexmark-html-parser/0.42.12/flexmark-html-parser-0.42.12.jar",
                "/home/tamngx/.cache/coursier/v1/https/repo1.maven.org/maven2/com/vladsch/flexmark/flexmark-ext-anchorlink/0.42.12/flexmark-ext-anchorlink-0.42.12.jar",
                "/home/tamngx/.cache/coursier/v1/https/repo1.maven.org/maven2/com/vladsch/flexmark/flexmark-ext-autolink/0.42.12/flexmark-ext-autolink-0.42.12.jar",
                "/home/tamngx/.cache/coursier/v1/https/repo1.maven.org/maven2/com/vladsch/flexmark/flexmark-ext-emoji/0.42.12/flexmark-ext-emoji-0.42.12.jar",
                "/home/tamngx/.cache/coursier/v1/https/repo1.maven.org/maven2/com/vladsch/flexmark/flexmark-ext-gfm-strikethrough/0.42.12/flexmark-ext-gfm-strikethrough-0.42.12.jar",
                "/home/tamngx/.cache/coursier/v1/https/repo1.maven.org/maven2/com/vladsch/flexmark/flexmark-ext-gfm-tables/0.42.12/flexmark-ext-gfm-tables-0.42.12.jar",
                "/home/tamngx/.cache/coursier/v1/https/repo1.maven.org/maven2/com/vladsch/flexmark/flexmark-ext-gfm-tasklist/0.42.12/flexmark-ext-gfm-tasklist-0.42.12.jar",
                "/home/tamngx/.cache/coursier/v1/https/repo1.maven.org/maven2/com/vladsch/flexmark/flexmark-ext-wikilink/0.42.12/flexmark-ext-wikilink-0.42.12.jar",
                "/home/tamngx/.cache/coursier/v1/https/repo1.maven.org/maven2/com/vladsch/flexmark/flexmark-ext-yaml-front-matter/0.42.12/flexmark-ext-yaml-front-matter-0.42.12.jar",
                "/home/tamngx/.cache/coursier/v1/https/repo1.maven.org/maven2/nl/big-o/liqp/0.8.2/liqp-0.8.2.jar",
                "/home/tamngx/.cache/coursier/v1/https/repo1.maven.org/maven2/org/jsoup/jsoup/1.14.3/jsoup-1.14.3.jar",
                "/home/tamngx/.cache/coursier/v1/https/repo1.maven.org/maven2/com/fasterxml/jackson/dataformat/jackson-dataformat-yaml/2.13.3/jackson-dataformat-yaml-2.13.3.jar",
                "/home/tamngx/.cache/coursier/v1/https/repo1.maven.org/maven2/com/vladsch/flexmark/flexmark-util/0.42.12/flexmark-util-0.42.12.jar",
                "/home/tamngx/.cache/coursier/v1/https/repo1.maven.org/maven2/com/vladsch/flexmark/flexmark-formatter/0.42.12/flexmark-formatter-0.42.12.jar",
                "/home/tamngx/.cache/coursier/v1/https/repo1.maven.org/maven2/org/nibor/autolink/autolink/0.6.0/autolink-0.6.0.jar",
                "/home/tamngx/.cache/coursier/v1/https/repo1.maven.org/maven2/com/vladsch/flexmark/flexmark-jira-converter/0.42.12/flexmark-jira-converter-0.42.12.jar",
                "/home/tamngx/.cache/coursier/v1/https/repo1.maven.org/maven2/org/antlr/antlr4-runtime/4.7.2/antlr4-runtime-4.7.2.jar",
                "/home/tamngx/.cache/coursier/v1/https/repo1.maven.org/maven2/com/fasterxml/jackson/core/jackson-annotations/2.13.3/jackson-annotations-2.13.3.jar",
                "/home/tamngx/.cache/coursier/v1/https/repo1.maven.org/maven2/com/fasterxml/jackson/core/jackson-core/2.13.3/jackson-core-2.13.3.jar",
                "/home/tamngx/.cache/coursier/v1/https/repo1.maven.org/maven2/com/fasterxml/jackson/core/jackson-databind/2.13.3/jackson-databind-2.13.3.jar",
                "/home/tamngx/.cache/coursier/v1/https/repo1.maven.org/maven2/com/fasterxml/jackson/datatype/jackson-datatype-jsr310/2.12.1/jackson-datatype-jsr310-2.12.1.jar",
                "/home/tamngx/.cache/coursier/v1/https/repo1.maven.org/maven2/ua/co/k/strftime4j/1.0.5/strftime4j-1.0.5.jar",
                "/home/tamngx/.cache/coursier/v1/https/repo1.maven.org/maven2/org/yaml/snakeyaml/1.30/snakeyaml-1.30.jar",
                "/home/tamngx/.cache/coursier/v1/https/repo1.maven.org/maven2/com/vladsch/flexmark/flexmark-ext-tables/0.42.12/flexmark-ext-tables-0.42.12.jar",
                "/home/tamngx/.cache/coursier/v1/https/repo1.maven.org/maven2/com/vladsch/flexmark/flexmark-ext-ins/0.42.12/flexmark-ext-ins-0.42.12.jar",
                "/home/tamngx/.cache/coursier/v1/https/repo1.maven.org/maven2/com/vladsch/flexmark/flexmark-ext-superscript/0.42.12/flexmark-ext-superscript-0.42.12.jar"
            ],
            "setup": {
                "order": "mixed",
                "addLibraryToBootClasspath": true,
                "addCompilerToClasspath": false,
                "addExtraJarsToClasspath": false,
                "manageBootClasspath": true,
                "filterLibraryFromClasspath": true
            }
        },
        "java": {
            "options": [
                
            ]
        },
        "test": {
            "frameworks": [
                {
                    "names": [
                        "org.scalacheck.ScalaCheckFramework"
                    ]
                },
                {
                    "names": [
                        "org.specs2.runner.Specs2Framework",
                        "org.specs2.runner.SpecsFramework"
                    ]
                },
                {
                    "names": [
                        "org.specs.runner.SpecsFramework"
                    ]
                },
                {
                    "names": [
                        "org.scalatest.tools.Framework",
                        "org.scalatest.tools.ScalaTestFramework"
                    ]
                },
                {
                    "names": [
                        "com.novocode.junit.JUnitFramework"
                    ]
                },
                {
                    "names": [
                        "munit.Framework"
                    ]
                },
                {
                    "names": [
                        "zio.test.sbt.ZTestFramework"
                    ]
                }
            ],
            "options": {
                "excludes": [
                    
                ],
                "arguments": [
                    
                ]
            }
        },
        "platform": {
            "name": "jvm",
            "config": {
                "home": "/usr/lib/jvm/java-11-openjdk-amd64",
                "options": [
                    "-Duser.dir=/home/tamngx/Documents/finland/aalto-learning-material/2nd-year/spring/programming-studio-a/project-triangle-puzzle"
                ]
            },
            "mainClass": [
                
            ]
        },
        "resolution": {
            "modules": [
                {
                    "organization": "org.scala-lang",
                    "name": "scala3-library_3",
                    "version": "3.2.2",
                    "configurations": "default",
                    "artifacts": [
                        {
                            "name": "scala3-library_3",
                            "path": "/home/tamngx/.cache/coursier/v1/https/repo1.maven.org/maven2/org/scala-lang/scala3-library_3/3.2.2/scala3-library_3-3.2.2.jar"
                        },
                        {
                            "name": "scala3-library_3",
                            "classifier": "sources",
                            "path": "/home/tamngx/.cache/coursier/v1/https/repo1.maven.org/maven2/org/scala-lang/scala3-library_3/3.2.2/scala3-library_3-3.2.2-sources.jar"
                        }
                    ]
                },
                {
                    "organization": "org.json4s",
                    "name": "json4s-jackson_3",
                    "version": "4.0.3",
                    "configurations": "default",
                    "artifacts": [
                        {
                            "name": "json4s-jackson_3",
                            "path": "/home/tamngx/.cache/coursier/v1/https/repo1.maven.org/maven2/org/json4s/json4s-jackson_3/4.0.3/json4s-jackson_3-4.0.3.jar"
                        },
                        {
                            "name": "json4s-jackson_3",
                            "classifier": "sources",
                            "path": "/home/tamngx/.cache/coursier/v1/https/repo1.maven.org/maven2/org/json4s/json4s-jackson_3/4.0.3/json4s-jackson_3-4.0.3-sources.jar"
                        }
                    ]
                },
                {
                    "organization": "io.circe",
                    "name": "circe-core_3",
                    "version": "0.14.3",
                    "configurations": "default",
                    "artifacts": [
                        {
                            "name": "circe-core_3",
                            "path": "/home/tamngx/.cache/coursier/v1/https/repo1.maven.org/maven2/io/circe/circe-core_3/0.14.3/circe-core_3-0.14.3.jar"
                        },
                        {
                            "name": "circe-core_3",
                            "classifier": "sources",
                            "path": "/home/tamngx/.cache/coursier/v1/https/repo1.maven.org/maven2/io/circe/circe-core_3/0.14.3/circe-core_3-0.14.3-sources.jar"
                        }
                    ]
                },
                {
                    "organization": "io.circe",
                    "name": "circe-generic_3",
                    "version": "0.14.3",
                    "configurations": "default",
                    "artifacts": [
                        {
                            "name": "circe-generic_3",
                            "path": "/home/tamngx/.cache/coursier/v1/https/repo1.maven.org/maven2/io/circe/circe-generic_3/0.14.3/circe-generic_3-0.14.3.jar"
                        },
                        {
                            "name": "circe-generic_3",
                            "classifier": "sources",
                            "path": "/home/tamngx/.cache/coursier/v1/https/repo1.maven.org/maven2/io/circe/circe-generic_3/0.14.3/circe-generic_3-0.14.3-sources.jar"
                        }
                    ]
                },
                {
                    "organization": "io.circe",
                    "name": "circe-parser_3",
                    "version": "0.14.3",
                    "configurations": "default",
                    "artifacts": [
                        {
                            "name": "circe-parser_3",
                            "path": "/home/tamngx/.cache/coursier/v1/https/repo1.maven.org/maven2/io/circe/circe-parser_3/0.14.3/circe-parser_3-0.14.3.jar"
                        },
                        {
                            "name": "circe-parser_3",
                            "classifier": "sources",
                            "path": "/home/tamngx/.cache/coursier/v1/https/repo1.maven.org/maven2/io/circe/circe-parser_3/0.14.3/circe-parser_3-0.14.3-sources.jar"
                        }
                    ]
                },
                {
                    "organization": "org.scala-lang.modules",
                    "name": "scala-swing_3",
                    "version": "3.0.0",
                    "configurations": "default",
                    "artifacts": [
                        {
                            "name": "scala-swing_3",
                            "path": "/home/tamngx/.cache/coursier/v1/https/repo1.maven.org/maven2/org/scala-lang/modules/scala-swing_3/3.0.0/scala-swing_3-3.0.0.jar"
                        },
                        {
                            "name": "scala-swing_3",
                            "classifier": "sources",
                            "path": "/home/tamngx/.cache/coursier/v1/https/repo1.maven.org/maven2/org/scala-lang/modules/scala-swing_3/3.0.0/scala-swing_3-3.0.0-sources.jar"
                        }
                    ]
                },
                {
                    "organization": "org.scalafx",
                    "name": "scalafx_3",
                    "version": "19.0.0-R30",
                    "configurations": "default",
                    "artifacts": [
                        {
                            "name": "scalafx_3",
                            "path": "/home/tamngx/.cache/coursier/v1/https/repo1.maven.org/maven2/org/scalafx/scalafx_3/19.0.0-R30/scalafx_3-19.0.0-R30.jar"
                        },
                        {
                            "name": "scalafx_3",
                            "classifier": "sources",
                            "path": "/home/tamngx/.cache/coursier/v1/https/repo1.maven.org/maven2/org/scalafx/scalafx_3/19.0.0-R30/scalafx_3-19.0.0-R30-sources.jar"
                        }
                    ]
                },
                {
                    "organization": "org.scala-lang",
                    "name": "scala-library",
                    "version": "2.13.10",
                    "configurations": "default",
                    "artifacts": [
                        {
                            "name": "scala-library",
                            "path": "/home/tamngx/.cache/coursier/v1/https/repo1.maven.org/maven2/org/scala-lang/scala-library/2.13.10/scala-library-2.13.10.jar"
                        },
                        {
                            "name": "scala-library",
                            "classifier": "sources",
                            "path": "/home/tamngx/.cache/coursier/v1/https/repo1.maven.org/maven2/org/scala-lang/scala-library/2.13.10/scala-library-2.13.10-sources.jar"
                        }
                    ]
                },
                {
                    "organization": "org.json4s",
                    "name": "json4s-core_3",
                    "version": "4.0.3",
                    "configurations": "default",
                    "artifacts": [
                        {
                            "name": "json4s-core_3",
                            "path": "/home/tamngx/.cache/coursier/v1/https/repo1.maven.org/maven2/org/json4s/json4s-core_3/4.0.3/json4s-core_3-4.0.3.jar"
                        },
                        {
                            "name": "json4s-core_3",
                            "classifier": "sources",
                            "path": "/home/tamngx/.cache/coursier/v1/https/repo1.maven.org/maven2/org/json4s/json4s-core_3/4.0.3/json4s-core_3-4.0.3-sources.jar"
                        }
                    ]
                },
                {
                    "organization": "org.json4s",
                    "name": "json4s-jackson-core_3",
                    "version": "4.0.3",
                    "configurations": "default",
                    "artifacts": [
                        {
                            "name": "json4s-jackson-core_3",
                            "path": "/home/tamngx/.cache/coursier/v1/https/repo1.maven.org/maven2/org/json4s/json4s-jackson-core_3/4.0.3/json4s-jackson-core_3-4.0.3.jar"
                        },
                        {
                            "name": "json4s-jackson-core_3",
                            "classifier": "sources",
                            "path": "/home/tamngx/.cache/coursier/v1/https/repo1.maven.org/maven2/org/json4s/json4s-jackson-core_3/4.0.3/json4s-jackson-core_3-4.0.3-sources.jar"
                        }
                    ]
                },
                {
                    "organization": "io.circe",
                    "name": "circe-numbers_3",
                    "version": "0.14.3",
                    "configurations": "default",
                    "artifacts": [
                        {
                            "name": "circe-numbers_3",
                            "path": "/home/tamngx/.cache/coursier/v1/https/repo1.maven.org/maven2/io/circe/circe-numbers_3/0.14.3/circe-numbers_3-0.14.3.jar"
                        },
                        {
                            "name": "circe-numbers_3",
                            "classifier": "sources",
                            "path": "/home/tamngx/.cache/coursier/v1/https/repo1.maven.org/maven2/io/circe/circe-numbers_3/0.14.3/circe-numbers_3-0.14.3-sources.jar"
                        }
                    ]
                },
                {
                    "organization": "org.typelevel",
                    "name": "cats-core_3",
                    "version": "2.8.0",
                    "configurations": "default",
                    "artifacts": [
                        {
                            "name": "cats-core_3",
                            "path": "/home/tamngx/.cache/coursier/v1/https/repo1.maven.org/maven2/org/typelevel/cats-core_3/2.8.0/cats-core_3-2.8.0.jar"
                        },
                        {
                            "name": "cats-core_3",
                            "classifier": "sources",
                            "path": "/home/tamngx/.cache/coursier/v1/https/repo1.maven.org/maven2/org/typelevel/cats-core_3/2.8.0/cats-core_3-2.8.0-sources.jar"
                        }
                    ]
                },
                {
                    "organization": "io.circe",
                    "name": "circe-jawn_3",
                    "version": "0.14.3",
                    "configurations": "default",
                    "artifacts": [
                        {
                            "name": "circe-jawn_3",
                            "path": "/home/tamngx/.cache/coursier/v1/https/repo1.maven.org/maven2/io/circe/circe-jawn_3/0.14.3/circe-jawn_3-0.14.3.jar"
                        },
                        {
                            "name": "circe-jawn_3",
                            "classifier": "sources",
                            "path": "/home/tamngx/.cache/coursier/v1/https/repo1.maven.org/maven2/io/circe/circe-jawn_3/0.14.3/circe-jawn_3-0.14.3-sources.jar"
                        }
                    ]
                },
                {
                    "organization": "org.openjfx",
                    "name": "javafx-base",
                    "version": "19",
                    "configurations": "default",
                    "artifacts": [
                        {
                            "name": "javafx-base",
                            "path": "/home/tamngx/.cache/coursier/v1/https/repo1.maven.org/maven2/org/openjfx/javafx-base/19/javafx-base-19.jar"
                        },
                        {
                            "name": "javafx-base",
                            "classifier": "sources",
                            "path": "/home/tamngx/.cache/coursier/v1/https/repo1.maven.org/maven2/org/openjfx/javafx-base/19/javafx-base-19-sources.jar"
                        },
                        {
                            "name": "javafx-base",
                            "classifier": "linux",
                            "path": "/home/tamngx/.cache/coursier/v1/https/repo1.maven.org/maven2/org/openjfx/javafx-base/19/javafx-base-19-linux.jar"
                        }
                    ]
                },
                {
                    "organization": "org.openjfx",
                    "name": "javafx-controls",
                    "version": "19",
                    "configurations": "default",
                    "artifacts": [
                        {
                            "name": "javafx-controls",
                            "path": "/home/tamngx/.cache/coursier/v1/https/repo1.maven.org/maven2/org/openjfx/javafx-controls/19/javafx-controls-19.jar"
                        },
                        {
                            "name": "javafx-controls",
                            "classifier": "sources",
                            "path": "/home/tamngx/.cache/coursier/v1/https/repo1.maven.org/maven2/org/openjfx/javafx-controls/19/javafx-controls-19-sources.jar"
                        },
                        {
                            "name": "javafx-controls",
                            "classifier": "linux",
                            "path": "/home/tamngx/.cache/coursier/v1/https/repo1.maven.org/maven2/org/openjfx/javafx-controls/19/javafx-controls-19-linux.jar"
                        }
                    ]
                },
                {
                    "organization": "org.openjfx",
                    "name": "javafx-fxml",
                    "version": "19",
                    "configurations": "default",
                    "artifacts": [
                        {
                            "name": "javafx-fxml",
                            "path": "/home/tamngx/.cache/coursier/v1/https/repo1.maven.org/maven2/org/openjfx/javafx-fxml/19/javafx-fxml-19.jar"
                        },
                        {
                            "name": "javafx-fxml",
                            "classifier": "sources",
                            "path": "/home/tamngx/.cache/coursier/v1/https/repo1.maven.org/maven2/org/openjfx/javafx-fxml/19/javafx-fxml-19-sources.jar"
                        },
                        {
                            "name": "javafx-fxml",
                            "classifier": "linux",
                            "path": "/home/tamngx/.cache/coursier/v1/https/repo1.maven.org/maven2/org/openjfx/javafx-fxml/19/javafx-fxml-19-linux.jar"
                        }
                    ]
                },
                {
                    "organization": "org.openjfx",
                    "name": "javafx-graphics",
                    "version": "19",
                    "configurations": "default",
                    "artifacts": [
                        {
                            "name": "javafx-graphics",
                            "path": "/home/tamngx/.cache/coursier/v1/https/repo1.maven.org/maven2/org/openjfx/javafx-graphics/19/javafx-graphics-19.jar"
                        },
                        {
                            "name": "javafx-graphics",
                            "classifier": "sources",
                            "path": "/home/tamngx/.cache/coursier/v1/https/repo1.maven.org/maven2/org/openjfx/javafx-graphics/19/javafx-graphics-19-sources.jar"
                        },
                        {
                            "name": "javafx-graphics",
                            "classifier": "linux",
                            "path": "/home/tamngx/.cache/coursier/v1/https/repo1.maven.org/maven2/org/openjfx/javafx-graphics/19/javafx-graphics-19-linux.jar"
                        }
                    ]
                },
                {
                    "organization": "org.openjfx",
                    "name": "javafx-media",
                    "version": "19",
                    "configurations": "default",
                    "artifacts": [
                        {
                            "name": "javafx-media",
                            "path": "/home/tamngx/.cache/coursier/v1/https/repo1.maven.org/maven2/org/openjfx/javafx-media/19/javafx-media-19.jar"
                        },
                        {
                            "name": "javafx-media",
                            "classifier": "sources",
                            "path": "/home/tamngx/.cache/coursier/v1/https/repo1.maven.org/maven2/org/openjfx/javafx-media/19/javafx-media-19-sources.jar"
                        },
                        {
                            "name": "javafx-media",
                            "classifier": "linux",
                            "path": "/home/tamngx/.cache/coursier/v1/https/repo1.maven.org/maven2/org/openjfx/javafx-media/19/javafx-media-19-linux.jar"
                        }
                    ]
                },
                {
                    "organization": "org.openjfx",
                    "name": "javafx-swing",
                    "version": "19",
                    "configurations": "default",
                    "artifacts": [
                        {
                            "name": "javafx-swing",
                            "path": "/home/tamngx/.cache/coursier/v1/https/repo1.maven.org/maven2/org/openjfx/javafx-swing/19/javafx-swing-19.jar"
                        },
                        {
                            "name": "javafx-swing",
                            "classifier": "sources",
                            "path": "/home/tamngx/.cache/coursier/v1/https/repo1.maven.org/maven2/org/openjfx/javafx-swing/19/javafx-swing-19-sources.jar"
                        },
                        {
                            "name": "javafx-swing",
                            "classifier": "linux",
                            "path": "/home/tamngx/.cache/coursier/v1/https/repo1.maven.org/maven2/org/openjfx/javafx-swing/19/javafx-swing-19-linux.jar"
                        }
                    ]
                },
                {
                    "organization": "org.openjfx",
                    "name": "javafx-web",
                    "version": "19",
                    "configurations": "default",
                    "artifacts": [
                        {
                            "name": "javafx-web",
                            "path": "/home/tamngx/.cache/coursier/v1/https/repo1.maven.org/maven2/org/openjfx/javafx-web/19/javafx-web-19.jar"
                        },
                        {
                            "name": "javafx-web",
                            "classifier": "sources",
                            "path": "/home/tamngx/.cache/coursier/v1/https/repo1.maven.org/maven2/org/openjfx/javafx-web/19/javafx-web-19-sources.jar"
                        },
                        {
                            "name": "javafx-web",
                            "classifier": "linux",
                            "path": "/home/tamngx/.cache/coursier/v1/https/repo1.maven.org/maven2/org/openjfx/javafx-web/19/javafx-web-19-linux.jar"
                        }
                    ]
                },
                {
                    "organization": "org.json4s",
                    "name": "json4s-ast_3",
                    "version": "4.0.3",
                    "configurations": "default",
                    "artifacts": [
                        {
                            "name": "json4s-ast_3",
                            "path": "/home/tamngx/.cache/coursier/v1/https/repo1.maven.org/maven2/org/json4s/json4s-ast_3/4.0.3/json4s-ast_3-4.0.3.jar"
                        },
                        {
                            "name": "json4s-ast_3",
                            "classifier": "sources",
                            "path": "/home/tamngx/.cache/coursier/v1/https/repo1.maven.org/maven2/org/json4s/json4s-ast_3/4.0.3/json4s-ast_3-4.0.3-sources.jar"
                        }
                    ]
                },
                {
                    "organization": "org.json4s",
                    "name": "json4s-scalap_3",
                    "version": "4.0.3",
                    "configurations": "default",
                    "artifacts": [
                        {
                            "name": "json4s-scalap_3",
                            "path": "/home/tamngx/.cache/coursier/v1/https/repo1.maven.org/maven2/org/json4s/json4s-scalap_3/4.0.3/json4s-scalap_3-4.0.3.jar"
                        },
                        {
                            "name": "json4s-scalap_3",
                            "classifier": "sources",
                            "path": "/home/tamngx/.cache/coursier/v1/https/repo1.maven.org/maven2/org/json4s/json4s-scalap_3/4.0.3/json4s-scalap_3-4.0.3-sources.jar"
                        }
                    ]
                },
                {
                    "organization": "com.thoughtworks.paranamer",
                    "name": "paranamer",
                    "version": "2.8",
                    "configurations": "default",
                    "artifacts": [
                        {
                            "name": "paranamer",
                            "path": "/home/tamngx/.cache/coursier/v1/https/repo1.maven.org/maven2/com/thoughtworks/paranamer/paranamer/2.8/paranamer-2.8.jar"
                        },
                        {
                            "name": "paranamer",
                            "classifier": "sources",
                            "path": "/home/tamngx/.cache/coursier/v1/https/repo1.maven.org/maven2/com/thoughtworks/paranamer/paranamer/2.8/paranamer-2.8-sources.jar"
                        }
                    ]
                },
                {
                    "organization": "com.fasterxml.jackson.core",
                    "name": "jackson-databind",
                    "version": "2.12.4",
                    "configurations": "default",
                    "artifacts": [
                        {
                            "name": "jackson-databind",
                            "path": "/home/tamngx/.cache/coursier/v1/https/repo1.maven.org/maven2/com/fasterxml/jackson/core/jackson-databind/2.12.4/jackson-databind-2.12.4.jar"
                        },
                        {
                            "name": "jackson-databind",
                            "classifier": "sources",
                            "path": "/home/tamngx/.cache/coursier/v1/https/repo1.maven.org/maven2/com/fasterxml/jackson/core/jackson-databind/2.12.4/jackson-databind-2.12.4-sources.jar"
                        }
                    ]
                },
                {
                    "organization": "org.typelevel",
                    "name": "cats-kernel_3",
                    "version": "2.8.0",
                    "configurations": "default",
                    "artifacts": [
                        {
                            "name": "cats-kernel_3",
                            "path": "/home/tamngx/.cache/coursier/v1/https/repo1.maven.org/maven2/org/typelevel/cats-kernel_3/2.8.0/cats-kernel_3-2.8.0.jar"
                        },
                        {
                            "name": "cats-kernel_3",
                            "classifier": "sources",
                            "path": "/home/tamngx/.cache/coursier/v1/https/repo1.maven.org/maven2/org/typelevel/cats-kernel_3/2.8.0/cats-kernel_3-2.8.0-sources.jar"
                        }
                    ]
                },
                {
                    "organization": "org.typelevel",
                    "name": "jawn-parser_3",
                    "version": "1.4.0",
                    "configurations": "default",
                    "artifacts": [
                        {
                            "name": "jawn-parser_3",
                            "path": "/home/tamngx/.cache/coursier/v1/https/repo1.maven.org/maven2/org/typelevel/jawn-parser_3/1.4.0/jawn-parser_3-1.4.0.jar"
                        },
                        {
                            "name": "jawn-parser_3",
                            "classifier": "sources",
                            "path": "/home/tamngx/.cache/coursier/v1/https/repo1.maven.org/maven2/org/typelevel/jawn-parser_3/1.4.0/jawn-parser_3-1.4.0-sources.jar"
                        }
                    ]
                },
                {
                    "organization": "com.fasterxml.jackson.core",
                    "name": "jackson-annotations",
                    "version": "2.12.4",
                    "configurations": "default",
                    "artifacts": [
                        {
                            "name": "jackson-annotations",
                            "path": "/home/tamngx/.cache/coursier/v1/https/repo1.maven.org/maven2/com/fasterxml/jackson/core/jackson-annotations/2.12.4/jackson-annotations-2.12.4.jar"
                        },
                        {
                            "name": "jackson-annotations",
                            "classifier": "sources",
                            "path": "/home/tamngx/.cache/coursier/v1/https/repo1.maven.org/maven2/com/fasterxml/jackson/core/jackson-annotations/2.12.4/jackson-annotations-2.12.4-sources.jar"
                        }
                    ]
                },
                {
                    "organization": "com.fasterxml.jackson.core",
                    "name": "jackson-core",
                    "version": "2.12.4",
                    "configurations": "default",
                    "artifacts": [
                        {
                            "name": "jackson-core",
                            "path": "/home/tamngx/.cache/coursier/v1/https/repo1.maven.org/maven2/com/fasterxml/jackson/core/jackson-core/2.12.4/jackson-core-2.12.4.jar"
                        },
                        {
                            "name": "jackson-core",
                            "classifier": "sources",
                            "path": "/home/tamngx/.cache/coursier/v1/https/repo1.maven.org/maven2/com/fasterxml/jackson/core/jackson-core/2.12.4/jackson-core-2.12.4-sources.jar"
                        }
                    ]
                }
            ]
        },
        "tags": [
            "library"
        ]
    }
}