{
  "moveCount" : 0,
  "gameBoard" : [ {
    "a" : 1,
    "b" : 1,
    "c" : -1,
    "edges" : [ 11, 3, 3 ]
  }, {
    "a" : 0,
    "b" : 0,
    "c" : 2,
    "edges" : [ 3, 22, 4 ]
  }, {
    "a" : 2,
    "b" : -1,
    "c" : 0,
    "edges" : [ 44, 66, 22 ]
  }, {
    "a" : 1,
    "b" : 1,
    "c" : 0,
    "edges" : [ 44, 66, 1 ]
  }, {
    "a" : -1,
    "b" : 1,
    "c" : 2,
    "edges" : [ 66, 66, 2 ]
  }, {
    "a" : 1,
    "b" : 0,
    "c" : 0,
    "edges" : [ 1, 55, 2 ]
  }, {
    "a" : -1,
    "b" : 2,
    "c" : 0,
    "edges" : [ 3, 6, 22 ]
  }, {
    "a" : 2,
    "b" : 1,
    "c" : -1,
    "edges" : [ 2, 11, 33 ]
  }, {
    "a" : 2,
    "b" : -1,
    "c" : 1,
    "edges" : [ 33, 2, 55 ]
  }, {
    "a" : -1,
    "b" : 0,
    "c" : 2,
    "edges" : [ 11, 33, 5 ]
  }, {
    "a" : -1,
    "b" : 2,
    "c" : 1,
    "edges" : [ 5, 66, 1 ]
  }, {
    "a" : 0,
    "b" : 1,
    "c" : 1,
    "edges" : [ 2, 3, 2 ]
  }, {
    "a" : 1,
    "b" : -1,
    "c" : 1,
    "edges" : [ 5, 5, 1 ]
  }, {
    "a" : 2,
    "b" : 0,
    "c" : 0,
    "edges" : [ 44, 33, 6 ]
  }, {
    "a" : -1,
    "b" : 1,
    "c" : 1,
    "edges" : [ 6, 2, 4 ]
  }, {
    "a" : 0,
    "b" : 2,
    "c" : 0,
    "edges" : [ 22, 33, 33 ]
  }, {
    "a" : 2,
    "b" : 0,
    "c" : -1,
    "edges" : [ 33, 5, 1 ]
  }, {
    "a" : 1,
    "b" : 2,
    "c" : -1,
    "edges" : [ 44, 22, 6 ]
  }, {
    "a" : 1,
    "b" : -1,
    "c" : 2,
    "edges" : [ 6, 55, 55 ]
  }, {
    "a" : 0,
    "b" : 2,
    "c" : -1,
    "edges" : [ 55, 2, 33 ]
  }, {
    "a" : 0,
    "b" : -1,
    "c" : 2,
    "edges" : [ 5, 1, 22 ]
  }, {
    "a" : 0,
    "b" : 1,
    "c" : 0,
    "edges" : [ 22, 4, 6 ]
  }, {
    "a" : 0,
    "b" : 0,
    "c" : 1,
    "edges" : [ 11, 4, 66 ]
  }, {
    "a" : 1,
    "b" : 0,
    "c" : 1,
    "edges" : [ 33, 22, 55 ]
  } ],
  "waitingBoard" : [ ]
}