{
  "moveCount" : 0,
  "gameBoard" : [ {
    "a" : 1,
    "b" : 2,
    "c" : -1,
    "edges" : [ 1, 55, 33 ]
  }, {
    "a" : 0,
    "b" : 0,
    "c" : 2,
    "edges" : [ 2, 11, 66 ]
  }, {
    "a" : 1,
    "b" : 0,
    "c" : 1,
    "edges" : [ 33, 66, 44 ]
  }, {
    "a" : -1,
    "b" : 2,
    "c" : 0,
    "edges" : [ 55, 6, 5 ]
  }, {
    "a" : 2,
    "b" : 0,
    "c" : -1,
    "edges" : [ 11, 4, 5 ]
  }, {
    "a" : 1,
    "b" : 1,
    "c" : -1,
    "edges" : [ 55, 66, 6 ]
  }, {
    "a" : 2,
    "b" : -1,
    "c" : 1,
    "edges" : [ 55, 6, 55 ]
  }, {
    "a" : 0,
    "b" : -1,
    "c" : 2,
    "edges" : [ 66, 11, 1 ]
  }, {
    "a" : 0,
    "b" : 2,
    "c" : -1,
    "edges" : [ 2, 4, 5 ]
  }, {
    "a" : 0,
    "b" : 1,
    "c" : 1,
    "edges" : [ 2, 5, 66 ]
  }, {
    "a" : 0,
    "b" : 0,
    "c" : 1,
    "edges" : [ 6, 1, 4 ]
  }, {
    "a" : 1,
    "b" : 0,
    "c" : 0,
    "edges" : [ 1, 55, 6 ]
  }, {
    "a" : 2,
    "b" : 1,
    "c" : -1,
    "edges" : [ 6, 1, 22 ]
  }, {
    "a" : -1,
    "b" : 1,
    "c" : 1,
    "edges" : [ 66, 6, 5 ]
  }, {
    "a" : 1,
    "b" : 1,
    "c" : 0,
    "edges" : [ 11, 11, 66 ]
  }, {
    "a" : 0,
    "b" : 2,
    "c" : 0,
    "edges" : [ 33, 4, 66 ]
  }, {
    "a" : 2,
    "b" : 0,
    "c" : 0,
    "edges" : [ 2, 55, 11 ]
  }, {
    "a" : 0,
    "b" : 1,
    "c" : 0,
    "edges" : [ 5, 44, 1 ]
  }, {
    "a" : 1,
    "b" : -1,
    "c" : 2,
    "edges" : [ 5, 4, 22 ]
  }, {
    "a" : -1,
    "b" : 2,
    "c" : 1,
    "edges" : [ 44, 3, 5 ]
  }, {
    "a" : 1,
    "b" : -1,
    "c" : 1,
    "edges" : [ 3, 6, 11 ]
  }, {
    "a" : -1,
    "b" : 0,
    "c" : 2,
    "edges" : [ 44, 5, 1 ]
  }, {
    "a" : 2,
    "b" : -1,
    "c" : 0,
    "edges" : [ 55, 44, 1 ]
  }, {
    "a" : -1,
    "b" : 1,
    "c" : 2,
    "edges" : [ 44, 4, 4 ]
  } ],
  "waitingBoard" : [ ]
}